type,term,page
index,Abraham,"82, 83"
index,"absence, as presence",582-5
index,"Absolute, the","50, 263, 285-6, 367-8, 922"
sub-index,access to,633-6
sub-index,absolute appearance,143
sub-index,and art,9
sub-index,divine,852-3
sub-index,eternal,619
sub-index,Fichte and,"140-5, 164, 258, 708"
sub-index,Finite,160-8
sub-index,(self-)finitization,708
sub-index,Hegel and,"290-2, 930-1"
sub-index,Heidegger's critique of,866-7
sub-index,infinite,156
sub-index,limiting,708
sub-index,and love,33
sub-index,and the Real,380- 1
sub-index,Schelling and,164
sub-index,surrender of Self to,321-2
index,"absolute example, the",97-8
index,absolute gain,472
unknown,"absolute J, the","141-2, 154-5, 156, 162-3, 180, 183, 708"
unknown,absolute idealism,"144, 239, 267, 387"
index,Absolute Knowing,"104, 253-4, 438-9, 484, 502"
sub-index,Hegel and,"387-94, 399, 401-2, 424-5, 868"
sub-index,Heidegger and,868
sub-index,Lacan and,"507-13, 522-3"
index,Absolute Notion,262
index,absolute spirit,98-9
index,absolute transcendental idealism,154
index,abstract infinite. the,6500
index,abstract thinking,277-8
index,abstract universality,"98, 360-1, 365."
unknown,see also concrete universality abstraction,"254-:;, 277-80, 395-7, 948"
unknown,"Act, the",427
index,actual infinity,851-3
index,actuality,"14, 285"
index,"Adorno, Theodor","193, 201, 257, 258, 261, 295, 337, 387n, 399-400, 411, 547, 603, 742-3n, 818, 856"
sub-index,Einleitung in die Soziologie,583-4
sub-index,negative dialectics,262
index,aesthetic representation. as coping mechanism,23-30
index,aesthetic sensitivity,23-4
index,aesthetics,"392, 790-1"
index,"Agamben, Giorgio","74-5, 532-3n, 873, 984-8, 1003"
index,"agency, literary examples",564-8
index,"agent, and subject, the",947
index,agential realism,"931-43, 935-6"
index,aggravated negativity,477
index,Aion,63
index,"Akhmatova, Anna",24
index,alienation,"45, 129, 235-6, 257, 305, 315, 336-7, 604n, 610, 857, 984-5"
index,aliens,341n
index,"Allais, Alphonse",1
index,almost nothing,58
index,"Althusser, Louis","261, 269, 368, 405-6, 585, 622, 780-1, 856, 984-5"
sub-index,and class struggle,898-9
sub-index,and Hegelian totality,437-8
sub-index,La revue de l'enseignement philosophique,300
sub-index,spontaneous ideology of scientists,915
sub-index,"""The Subterranean Current of the Materialism of Encounter""",575-6
index,"Altizer, Thomas",711
index,"Altman, Robert",609-10
index,altruism,977-8
index,amorjati,79
index,ancestrality,625-6
index,"Andersen, Hans Christian, ""The Red Shoes""",548
unknown,animality,"408-16, 884"
unknown,animal-machine,411-12
index,animals,"408-16, 736"
index,Anstoss,"150-1, 151-4, 159, 167-8, 173-5, 381, 618, 735"
index,antagonism,"771, 800-1, 964-Antelme,"
unknown,"Robert, L'espece humaine",27
unknown,Antigone,"82-4, 323-4, 474-5, 512, 565-8, 576-8, 750, 832-4, 873"
index,antiJlOlUies,267-9
index,antiphilosophy,"18-19, 18n, 194, 327, 839, 841-58"
sub-index,Badion's critique of,842-4
sub-index,and freedom,849-50
sub-index,and Hegel,849-58
sub-index,Lacan and,"6, 844-50"
sub-index,logic of suture,844-6
sub-index,and Marx,850
sub-index,signifiers in,846-50
sub-index,theme,841-2
index,"anti-Platonism, forms of",40-1
index,anti-Semitism,"121-2, 200-1, 587, 679-80, 686, 800, 937-8"
index,anti-Wisdom,31
index,"Antunes, Melo",90
index,anxiety,"673-4, 835-9"
index,apocalyptic time,982-3
unknown,appearance,"9-10, 168, 421"
unknown,and reality,"36-8, 724-5"
index,appearancemabng art,43
index,appearances,"1, 31-2, 142-5, 351-6, 469"
index,appearing,809
index,architecture,602n
index,"Arendt, Hannah","41, 241, 902"
unknown,"Argentina, the disappeared",870
unknown,"""The Aristocrats""",17
index,Aristotle,"9, 40, 44n, 61211, 758-9"
index,arkhe,233
index,art,"9, 32, 253-6, 375, 612, 710-]3"
sub-index,abstract,392
sub-index,history of,39-40
sub-index,and inaesthetics,790-1
sub-index,Lacan's theory of,705
index,articulation,837
index,"artificial crowd, the",965-6
index,artistic minimalisll1,989-90
index,"Asad, Talal",223
index,"Asimov, Isaac",95
index,Assassins (Is1l1aili sect),122
index,atheism,"104, 112-20, 128"
index,"atheist wager, the",112-20
index,Aufhebung (sublation),"318, 319-20, 394-401, 453, 470-3, 483, 488, 491-6, 503-4, 532, 793, 922, 990"
index,"Augustine, St.","95, 114, 278, 315"
index,Ausstossung,"494, 860, 863"
index,"Austin, J. L.",219
index,"authoritarianism, Buddhist",134-5
index,authority,42930
index,"autol1ol1lization, of Substance",383-4
index,autonomy,"293-4, 457, 894"
sub-index,"and freedom l89,",337-41
sub-index,and predestination,216
index,autopoiesis,157-8
index,Avatar (film),995-6
index,avenir,264
index,"Ayres,",997
unknown,"I3aartman, Sara",736-7
unknown,"Baas, Bernard",47
index,"Bach, Johann Sebastian",458n
index,"Bachelard, Gaston",161
index,"Badinter, Elisabeth",755
index,"Badioll, Alain","6, 9, 411, 427, 474, 475, 581, 603, 621-3, 647, 805, 912"
sub-index,and antiphilosophy,841-58
sub-index,atheism,115
sub-index,and being,"806-11, 821-6, 891-2"
sub-index,Being and Event,811-13
sub-index,and Cassin,77
sub-index,and causality,856
sub-index,comparison ·with Heidegger,808
sub-index,comparison with Lacan,836
sub-index,and the death drive,824
sub-index,defense of philosophy,850-1
sub-index,Ethics,519-20
sub-index,Events,"811-13, 821-6, 905"
sub-index,forms of anti-Platonism,40-1
sub-index,four fundamental concepts,833-9
sub-index,Hallward's crihqtle of,"806, 813-14"
sub-index,historical sequence,837
sub-index,the human animal,823-6
sub-index,humanism,98n
sub-index,"""1he Idea of Communism""",900
sub-index,inaesthetics,790-1
sub-index,intensity,609
sub-index,and the Kantian break,193-4
sub-index,and Levinas,827-31
sub-index,Logics of Worlds/ Logiques des mondes,"41-2, 367, 807-8, 816, 833, 836"
sub-index,"and love !OI,","1l1-J2, 819-20"
sub-index,Manifesto for Philosoph)',18
sub-index,on materialism,809-10
sub-index,and mathematics,807
sub-index,point concept,801-2
sub-index,and postmodernislll,255-6
sub-index,pure mUltiplicity,741
sub-index,reading of Paul,74-5
sub-index,the Real,839-41
sub-index,and religion,838n
sub-index,responses to an Event,836-7
sub-index,and revolution,"816-17, 1009-10"
sub-index,Second manifeste pour la philosophie,227
index,and sexual difference,754:
sub-index,and the State,842-4
sub-index,Theoretical Writings,822
sub-index,Theory of Contradiction,524
sub-index,The Theory of the Subject,831-4
sub-index,and Truth,"805, 809, 813-14, 815-19"
sub-index,Truth-Events,"814, 815-19"
sub-index,and the unconscious,823-4
sub-index,and undecidability,76
sub-index,and the World,806-11
index,"Bainton, Roman",139
index,"Balanchine, Georges",671n
index,"Balibar, Etienne",864
index,"Balmes, Fran, ois","80, 81, 92, 140, 667-8, 774, 776, 777-9, 860-1, 865, 874"
index,"Balsa, judith",843
index,banality,951
index,"Barad, Karen","931-2, 935-6, 938-9, 947-9"
index,"Barth, Karl",221-2
index,"Bataille, Georges",489-90
index,"Baudrillard, Jean",314n
index,"Bauman, Zygmunt",998
index,"Bayard, Pierre","221, 316"
index,How to Talk About Books You Haven't Read,279-80:
sub-index,Le plagiat par anticipation,557-64
sub-index,Tomorrow is Written,562-3
index,"Beauty, as Absolute",31
index,Becoming,"62-3, 227, 637"
index,"Beethoven, Ludwig van",606.757
index,beginning,381-2
index,Being,"9, 12"
sub-index,access to,15
sub-index,Badiau and,"806-11, 821-6, 891-2"
sub-index,and beings,806
sub-index,and Events,821-6
sub-index,Heidegger and,925-6
sub-index,historical,897-8
sub-index,historicity of,108
sub-index,H6lderlin o,13-14
sub-index,lack-of,667-8
sub-index,Meillassoux on,628
sub-index,modes of,64-5
sub-index,and Nothingness,228-9
sub-index,and the One,"42, 54-5"
sub-index,Others and,55
sub-index,passage to a World,808-11
sub-index,and the people,879-81
sub-index,and the Real,958-9
sub-index,and the void,"60, 905"
index,Being There (film),601
index,"Beiser, Frederick","138, 708"
index,"Bejahung, affirmation",859-63
index,belief,"116-18, 952-3"
unknown,"Benjamin, Walter","129, 349n, 412, 430, 464, 465, 705"
unknown,"""Critique of Violence""","869-70, 878"
index,"Benslama, Fethi",133
index,"Bentham, jeremy","43-4, 75, 370, 411"
index,"Berger, john",1008
index,"Bergman, Ingmar","153, 406"
index,"Bergson, Henri","40, 88"
index,"Bernasconi, Robert",355
index,"Berri, Claude",306
index,betweenthe-twof rames concept,86-7
index,"Beyond, the",374
index,"Bienenstock, Myriam",286n
index,"Big Bang, the","906n, 926-8"
index,"big Other, the","1-3, 86-96, 183, 185-6, 232, 406, 511, 578, 661-2, 860"
sub-index,beliefin,92
sub-index,death of,"104, 119"
sub-index,emergence of,972
sub-index,God as,"95-6, 101-2"
sub-index,inexistence,"104, 262-3"
sub-index,lack of,"29-30, 49"
sub-index,language as,871
sub-index,and madness,334-5
sub-index,and marriage,444-5
sub-index,the Matrix as,336-7
sub-index,meanings of,91-6
sub-index,non-existence of,115-16
sub-index,and prosopopoeia,514-15
sub-index,social substance as,128
sub-index,as subject supposed to not know,88-90
sub-index,and symptoms,526
sub-index,unconscious as,5S 1
index,Bi/dung,317
index,Billy Bathgate (film),617-19
index,biography,85
unknown,biology,"157-8, 909-10"
unknown,Bio-politics,985-6
index,"Bizet, George, Carmen",124
index,black holes,943
index,Black Swan (film),421-2
index,Black Venus (film),737
index,"blindness, and insight",278-80
index,bodily appearance,677-8
sub-index,"body, the immortalization of",85-6
sub-index,ownership of,"988-9, 994-6"
sub-index,separation from voice,674-7
index,"Bohr, Niels","44, 643, 740, 916, 917, 918, 924, 929, 9.30-1, 932-3, 948"
index,"Bojowald, Martin",92'7
index,"bone in the throat, the",171-9
index,"books, epochal",17n
index,"Borges, Jorge Luis",209
unknown,"Borromean knot, the","439, 798"
unknown,-800 Bosnian war,"29, 128"
index,"Bostcels, Bruno","832, 833, 834"
index,"Bostrom, Nick",926-7
unknown,"bourgeoisie, the",784-5
unknown,bourgeois freedom,"293, 1005-6"
unknown,"Brachtendorf, Johannes","141, 142"
unknown,Bmssed Off(film),768
index,"Brassier, Ray","640-1, 808, 905, 953-7"
index,Breaking the Waves (film),306
index,"Breazeale, Daniel",174
index,"Brecht, Bertolt","478, 521-2, 533-4, 590, 635, 1000"
index,"Brentano, Franz",913
index,Brif Encounter (film),92-4
index,"Brown, Dan, The Da Find Code",790
index,"Buchanan, Ian",937
index,"Buchner, Georg",465
index,Buddhism,"108-10, 304, 719, 945-7, 957"
sub-index,authoritarianism,134-5
sub-index,the fall into samsara,131
sub-index,Lacan's critique of,127-35
sub-index,and psychoanalysis,129-33
sub-index,and the Self,"129-30, 134-5"
sub-index,Western,123
index,Buddhist Enlightenment,"130, 131"
index,Buddhist ontology,108
index,"Bukharin, Nikolai","147, 593, 659, 725"
index,"Bush, George V\Z",879
index,"Butler, Judith","223, 567, 759, 778, 827-8, 935, 990-5"
index,butterfly-effect thesis,466
index,"Caesar, Julius, crossing of the Rubicon",218
index,Cahiers pour l'Analyse,581
index,"Calvino, Italo","558, 848-9"
index,"Cantor, Georg","227, 649-50"
index,Capital,850
sub-index,Deleuze and,853-4
sub-index,Hegel's analysis,241-5
sub-index,Marx's analysis,244-52
index,capitalism,"244-7, 257, 298-9, 474, 818, 1001"
sub-index,antiphilosophy and,850
sub-index,and crisis,651
sub-index,dimensions of,659-60
sub-index,and domination,1004-10
sub-index,drive,497
sub-index,and enjoymcpt,970
sub-index,negating,793
sub-index,universality of,361
index,capitalist antagonism,245
index,capitalist reality,18-19
index,"capitalist reversal, the",8578
index,"Caputo, John",114
index,Casablanca (film),514
index,CasillO Royale (film),930
index,"Cassin, Barbara","59, 77"
index,"categorial determination, and contradiction",51
index,causality,"215-16, 229, 744, 855"
index,Cause,10
index,"Chalmers, David","552, 725"
index,change,71-2
sub-index,and quantum physics,907-8
sub-index,and structure,600-3
index,"Charcot, Jean Martin",4n
index,"Cheney, Dick",767
index,"Chesterton, G. K.","24-5, 370, 390, 421, 543"
sub-index,The Book oflob,"476-7, 821"
sub-index,Everlasting ALan,414-15
sub-index,Heretics,382
sub-index,The Man Who Thursday,"294-5, 296-7, 298"
sub-index,Orthodoxy,"340, 382, 427, 980"
sub-index,"""The Slavery of the Mind""",464-5
sub-index,'What's Wrong with the World,1010
index,Children oflvlen (film),371
index,China,"439, 980"
index,Chinese Cultural Revolution,"129, 135, 816-17, 843"
index,choice,"788, 801-2"
index,Christian atheism,115-16
index,Christian love,79-86
index,Christian materialism,"115, 224"
index,"Christian tragedy, the",79-86
index,Christianity,"74-5, 96-7, 197, 232-3, 278, 415, 636, 711, 75711, 959"
sub-index,as absolute religion,99n
sub-index,and Buddhism,108
sub-index,as Christianity,31
sub-index,and the death of God,"104, 118-19"
sub-index,the Eucharist,99-101
sub-index,and Hegel,"6, 110-11"
sub-index,history of,114-15
sub-index,Lacan on,105
sub-index,lesson of,116
sub-index,and love,"101, 112"
sub-index,perverse core of,118
sub-index,and psychoanalysis,885
sub-index,and sexuality,441-2
sub-index,sexuation,112
sub-index,spiritual Truth of,530-1
sub-index,unity of opposites,106-8
sub-index,and violence,975
index,"Christie, Agatha","31, 749"
index,Chronos,63
index,Chuang-Tzu,784
index,"Church, the",363-4
index,cinema,"32-3, 371-5, 655-8, 668-9, 872 civil"
index,disobedience,34-5 civil
unknown,society,"189, 196, 241-3, 449, 452"
unknown,class consciousness,183
index,class difference,"780, 784-5, 839"
index,class struggle,"250, 800-1, 846, 898-903, 956n, 964, 979, 1010"
index,"Claudel, Paul","25, 79-82"
index,clinamen,"38-9, 368-9, 376-7"
index,"Clinton,",119
index,"coefficient of adversity, the",161
index,"Coetzee, J. M., Disgrace",324-6
index,cogito,"408, 660, 876-7"
sub-index,and cyberspace,335-7
sub-index,Descartes and,327-8
sub-index,and freedom,337-48
sub-index,and habits,341-8
sub-index,and madness,327-58
index,cogito ergo sum,"79, 327-30"
index,cognition,"359, 400-1"
index,cognitivism,"284, 651-4, 954-5"
sub-index,appearance and reality,724-5
sub-index,and German Idealism,717-22
sub-index,rehabilitation of,715-17
sub-index,and the self,716-37
sub-index,and self-experience,731-3
index,collective identity,1000-1
index,"Comay, Rebecca","17, 319-20, 322, 437-8"
index,commodity fetishism,"7, 44, 246, 360-1, 601"
index,communism,"222-3, 257, 298-9, 313n, 842-4, 900-1, 970"
index,Compatibilists,211.-12
index,complementarity,924
index,complexity,977
index,computational universality,727-8
index,"conceptual Jew, the","679-81, 682-3, 684"
index,concrete universality,"98-9, 357-8, 359-67, 395, 432, 567-8, 666, 762-3"
index,"Conquest, Robert",73
index,consciousness,"220-2, 274-5, 322.343, 366n, 387-8, 546, 552, 651-4, 717, 725, 918"
unknown,Conspiracy. logic of,689n
unknown,conspiracy theory,337
index,consumerism,"989-90, 998"
index,"content, and form","305-10, 660-6"
index,contingency,"369, 460-1, 463-73, 629, 633-4, 636, 637-8, 640, 791, 976-7"
index,contradiction,"39, 51, 535-6, 628-9"
index,"Copjec, Joan, Read My Desire",748n
index,correlationism,625-47
sub-index,and access to the Absolute,633-6
sub-index,background,625-6
sub-index,and drive,639-40
sub-index,failed,642n
sub-index,and Hegel,636-8
sub-index,and Kant,630-2
sub-index,Meillassou x's strategic move,638-44
sub-index,and nothingness,641-3
sub-index,problem of,644-7
sub-index,reality and,644-7
sub-index,and religion,626-8
sub-index,transcendental,"632-5, 643, 645"
sub-index,use of Hegelian terms,636-7
index,Cosi fan tutte (Mozart),446-8
index,cosmology,"910-11, 934-5"
index,courage,"833, 834"
index,"creation, first act of",944-5
index,creativity,397
index,crime,294-9.350
index,Critical Theory,321
index,cruelty,864
index,"Cuaron, Alfonzo",371
index,Cultura! Studies,86-7
index,"Cunha!, Alvaro",90
index,Cunning of Reason,"510-11, 513, 518-19, 524-6, 528-9, 658-60, 973"
index,"Custine, Adolphe de",70
index,"Cutrofello, Andrew",502
index,cyber-capitalists,245-6
index,cyberspace,335-7
index,"Dahmer, Helmut",302
index,"Dalai Lama, the",123
index,"Damasio, Antonio","716, 717n"
index,darstellen (presentation),174
index,Dasein,"108, 529, 530, 668, 739, 867, 872, 874, 882, 892-3, 895"
index,"David, Jacques-Louis, The Death oj}, {arat",710-12
index,"Davies, Paul",926
index,"Davis, Bret","883-4, 886-7, 888-9, 894, 897-8"
index,Deaf Nation,5912
index,death,"5, 449, 452"
sub-index,fear of,152-3
sub-index,and language,511
sub-index,timing of,653-4
index,"death drive, the","101, 131-2, 338, 410, 480-1, 490, 493, 500, 547, 639, 662-3, 824, 835, 839, 884, 954"
index,"death of the subject, the",26-7
index,"decision, point of",801-2
index,Deck-Erinnerung,239
index,"declaration, moment of",862
index,deconstruction,"279, 327"
index,deconstructionism,295-6
index,deep awareness,569
index,"Deleuze, Gilles","18, 40, 210, 260, 323, 376, 409, 501, 502, 503, 595"
sub-index,Anti-Oedipus,"757-8, 853"
sub-index,and Capital,853-4
index,Cinema,2:
sub-index,The Time-Image,855
sub-index,comparison with Derrida,742-3n
sub-index,critique of Hegel,611-12
sub-index,definition of virtuality,345
sub-index,Difference and Repetition,"488, 936-7"
sub-index,and the Kantian break.,193-4
sub-index,and Lacan,619-21
sub-index,late philosophy,610
sub-index,logic of productive presence,853-6
sub-index,The Logic of Sense,"35-7, 62-3, 585, 664, 853, 937"
sub-index,modes of Being,64-5
sub-index,and multiplicity,"227-8, 854-5"
sub-index,and predestination,213-16
sub-index,the pseudo­cause,853-7
sub-index,and pure difference,"481-4, 608-21"
sub-index,pure past,207-13
sub-index,the quasi-cause,855-7
sub-index,representations,215
sub-index,sheet ofHme concept,28
sub-index,the sign,214-15
sub-index,the Virtual,68
index,"Demick, Barbara, Nothing to Envy",312
index,democracy,"104, 119-20, 256, 338, 764-5, 818, 900-2, 998-9, 1003"
index,democratic anti-Platonism,41
index,democratic materialism,"6, 41, 42, 877"
index,Democritean atomism,60
index,Democritus,58-60
index,demystification,977
index,den,"58-60, 495"
index,"Dennett, Daniel","211, 333-4, 428, 568-9, 734, 9J 5"
index,depersonalization,"68, 747"
index,"Derrida, Jaques","4, 17n, 127, 210, 211, 247, 260, 469, 481, 581, 670"
sub-index,The Animal That TIwrefore I,408-16
sub-index,comparison ·with Deleuze,742-3n
sub-index,critique of Foucault,"328, 329-30"
sub-index,deconstruction,327
sub-index,and. diiJ-erance,377n
sub-index,failed correlationism,642n
sub-index,Foucault's critique of,385
sub-index,On Grammatology,279
sub-index,and madness,"328, 329-31, 332"
sub-index,pharmakon,342
sub-index,and religion,626
sub-index,to-come,896
index,"Descartes, Rene","79, 327-30, 334, 339, 385, 408, 428n, 476, 632, 721, 876, 878"
index,desire,"5, 496-7, 498-9, 639, 654, 705-6, 745-6, 753, 989"
index,despotic societies,70
index,destruction,660
index,determination,955
index,determinism,"1467, 211-12, 402"
index,Dexter (TV series),425
index,dialectic approaches,69
index,dialectical materialism,"200, 260-3, 393-4"
sub-index,definition,67
sub-index,and the existence of nothing,378
sub-index,Lacan's,780-1
sub-index,philosophy of,776
index,dialectics and the dialectical process,"398, 490n"
sub-index,and contradiction,39
sub-index,foundation of,38
sub-index,lIegel's,"194-5, 199-206, 260-3, 272-3, 294, 303-4, 369-70, 405-6, 468-70, 492, 501-2, 513-14, 532-3, 576-9"
sub-index,and history,218-19
sub-index,and humor,590
sub-index,Marx and,250-2
sub-index,Meillassoux and,629
sub-index,moments of,"294, 314-15"
sub-index,negative,"261, 391"
sub-index,synthesis,532-3
sub-index,temporality of,290
sub-index,transubstantiation,234
index,dialectical reversal,"535, 537-8"
index,dialecticals,590-2
index,"Dickens, Charles, Great Expectations",518-19
index,"Dickinson, Emily, Poem",732 753-4
index,dictatorship of the bourgeoisie,120
unknown,dictatorship of the proletariat,120
unknown,dictatorship of reason,10 10
index,"Diderot, Denis",117-18
index,differance,377n
index,difference,"77ln, 838-9, 892, 950."
sub-index,see also sexual difference minimal,"616-17, 838, 847-8, 959, 974"
sub-index,in nature,936-8
sub-index,pure,"481-4, 596-7, 608-21, 941-2, 947"
sub-index,virtual,617-20
index,"differend, the",286-92
index,differentiality,581-2
sub-index,and the phallic signifier,590-7
sub-index,and self-reflexivity,584-90
sub-index,signifiers and,582-92
sub-index,and suture,582-97
sub-index,symbolic,765-8
index,differentiating,106
index,dignity,"34, 737"
index,"Dingansich, the","148-9, 150-1, 152, 163"
index,direct democracy,764-5
index,discord,886
index,discourse analysis,537n
index,discretion,89-90
index,discursive historicism,6
index,discursive materialism,7
index,disenchantment,739
index,dispositifs,"984-8, 994"
index,"divine, the",110-11
index,"divine Absolute, the",852-3
index,divine violence,878
index,divisions,39
index,documentary cinema,363
index,doing nothing,947
index,"Dolar, Mladen","18, 40, 53-5, 487, 674"
index,domination,"19, 224-5, 256, 1003-10"
index,"Double Life ofWronique, The (film)",363
index,"double vacuum, the","134, 135"
index,dreams,"305, 485-J!, 493-4, 518"
index,drive,"4, 5, 7, 131, 178-9, 496-504, 546-51, 619-20, 639-40, 663n, 884-5"
index,"dualism, ofideas",35-7
index,"Dumont, Louis","935, 972"
index,"Duns Scotus, John",632
index,"Dupuy, Jean-Pierre","264, 428, 972-4, 974-9, 981-4"
index,duty,310
index,dynamic antinomies,163
index,"dystopian fixed pOint, the",264
index,"Eagleton, Terry","81n, 99n, 100, 519-20"
index,"Eckhart, Meister",895
index,"Eco, Umberto",514
index,ecology,373n
index,economic crisis,245
index,"economic production, base and superstructure",370
index,"Edelman, Lee",124
index,Ego,"544, 631, 717-18"
index,Ego Ideal,702
index,egotistic indifference,90
index,"Egyptian uprising,",20ll 34-5
index,"Eichmann, Adolf",128
index,"Einstein, Albert","27, 740, 908, 922-3"
index,Eleatic idealism,60
index,"Eliot, T. S.","208-9, 218, 772, 950-1"
index,"Elizabeth I, Queen",83
index,emancipatory polities,70
index,embodied existence,989
index,emotions,343-4
index,"Empire, resistance to",765
index,empiricist-analytic anti-Platonism,40
index,empty signifiers,"810-ll, 937"
index,enjoyment,"307-8, 381, 968-71"
index,enlightened catastrophism,982-4
unknown,Enlightenment (state of being),"108-10, 291"
unknown,"Enlightenment, the (movement)",626-7
index,enthusiasm,834
index,enunciated content,24-5
index,enunciation,24-5
index,Eppur muove,"3-5, 44, 131, 954, 968"
index,"Epstein, Marc",129
index,equality,440
index,"equivalence, and difference",77ln
index,Ereignis,"108, 808, 878n, 890-1, 924"
index,Erscheinung,9
index,esoteric wisdom,789-90
index,esprit,316-17
index,Essence,"37-8, 235, 378-9, 467, 638, 817"
index,eternal struggle,200
index,"eternity, Platonic sense of",31
index,ethical acts,121-4
index,ethical autonomy,127-8
index,"ethical subject, the",827-31
index,ethics,894
sub-index,and enjoyment,968-71
sub-index,Freud and,"963, 965-7"
sub-index,hedonism,123
sub-index,immoral,123-7
sub-index,Lacanian,"121-7, 163, 963, 964-5, 967-8"
sub-index,Levinasian-Derridean,123n
sub-index,limit of,825-6
sub-index,perspective of the Last Judgment,126-7
sub-index,and psychoanalysis,963-7
sub-index,and religion,981-4
sub-index,and responsibility,127
sub-index,unity of opposites,107
sub-index,utilitarianism and,977-8
sub-index,Western Buddhism,123
index,"Eucharist, the",99-101
index,Events,"76, 811-13, 815, 821-6, 835-9, 905."
index,see also Truth-Events,"107, 304, 621, 658, 817-18, 830, 864, 878, 898."
sub-index,see also Good Dupuy's account of,974-9
sub-index,and freedom,887-90
sub-index,hierarchical order and,973-4
sub-index,Lacan on,978-9
sub-index,origin of,12
index,evolution,730-1
index,evolutionary materialism,238-9
index,"exception, logic of",57
index,excess,"848-9, 853"
index,existentialist anti-Platonism,40
index,"experience, Hegelian process of",868-9
index,experimental metaphysics,910-11
index,exploitation,"1003, 1005, 1009-10"
index,expressionism,705
index,external reality,385
index,externalization,235
index,extinction,953-4
index,"face, the","827-31, 830-1"
index,failed correlationism,642n
index,"Fall, the","339-40, 376, 549, 888n, 951-2"
index,False Memory Syndrome,273
index,false vacuum,"377-8, 944-5, 949-50"
index,fantasmatic entities,679-85
unknown,fantasy,"176-8, 273, 371"
unknown,"-5,","477, 664-5, 685-91, 695-6, 769, 995-6"
index,fascism,"70, 452"
index,fate,"79-80, 658-60"
index,fatherland,880
index,"Fearn, Nicholas","743, 911-12"
index,"female orgasm, the",441
index,feminine masquerade,46-7
index,"feminine principle, -the","739, 744-5, 795"
index,feminine sexuality,751-6
index,feminism,756
index,fetishistic displacement,89-90
index,"Feynman, Richard",733
index,"Fichte, Johann Gottlieb","6, 9, 618, 626, 708, 720"
sub-index,and the Absolute,140-5
sub-index,absolute transcendental idealism,154
sub-index,account of self-consciousness,180-9
sub-index,Ansloss,"150-1, 151-4, 159, 167, 173-5, 381, 735"
sub-index,and appearance,142-5
sub-index,assessment of position,171-9
sub-index,critique of Kant,168-9
sub-index,and drive,178-9
sub-index,early philosophy,145-51
sub-index,and the Finite Absolute,160-8
sub-index,and finitude,"155-6, 158-9, 161-2, 164"
sub-index,and freedom,163
sub-index,and God,182-4
sub-index,Ground of the Self,182-5
sub-index,and Hegel,186-9
sub-index,and idealism,1456
sub-index,and identity,153-5
sub-index,and the I-form,140-2
sub-index,and imagination,177-8
sub-index,and Kant,137
sub-index,and knowledge,184-5
sub-index,late philosophy,140-5
sub-index,and limitation,156-9
sub-index,and mind,"178, 180"
sub-index,and nature,164-5
sub-index,Nicht-Ich,165-7
sub-index,passage from Kant,179-80
sub-index,passage to theology,179-89
sub-index,philosophical progress,137
sub-index,philosophical theory,139
sub-index,the posited presupposition,168-71
sub-index,and the primacy of practical philosophy,171-3
sub-index,primacy of practical reason,160
sub-index,radicalization of Kant,"11, 147-51, 171-3"
sub-index,and reality,147
sub-index,and solipsism,163
sub-index,spurious infinity,178
sub-index,the status of the Absolute,164
sub-index,and the subject,"174, 188"
sub-index,and the Thing-in-itself,"152. 154-5, 159, 168-9"
sub-index,Wissenschaftslehre,"137, 141, 143, 157"
index,fictions,"23-30, 43-6, 75-6, 371-6"
index,fidelity,"813-14, 815"
index,"financial crisis,","2008 247, 996-8"
index,"Findlay, J. N.",50
index,"Finite Absolute, the",160-8
index,"finite J, the",162-3
index,finite thought,202
index,finitude,"152-3, 155-6, 158-9, 161-2, 164, 172-3, 269, 283-5, 657-8"
index,"Fink, Bruce",786n
index,First Love (film),362-3
index,fluid appearance,55
index,For They Know Not What They Do (Zitek),286-9
unknown,forclusion,68
unknown,For-itself,389
index,form,"36, 305-10, 660-6"
index,formlessness,272
index,forms,66
index,fossils,"644-5, 647"
index,"Foucault, Michel","210, 935, 984, 1003"
sub-index,critique ofDerrida,"327, 329-33, 385"
sub-index,Discipline and Punish,"332, 338, 990"
sub-index,and Hegel,990-5
sub-index,Histoire de la folie,328-30
sub-index,"History of Madness,",327
sub-index,History of Sexuality,"332-3, 990"
sub-index,and madness,"328-30, 332-3 4"
index,"Months,",3
unknown,Weeks and,2
unknown,Days (film),656
index,France,"210-11, 437-8"
index,"Frank, Manfred",553
index,"Frayn, Michael, Human Touch",808
index,freedom,"34, 111, 223-4, 449, 734"
sub-index,absolute,"315-16, 402"
sub-index,abstract,319-20
sub-index,and antiphilosophy,849-50
sub-index,and autonomy,"189, 337-41"
sub-index,bourgeois,"293, 1005-6"
sub-index,and causality,744
sub-index,and determinism,211-12
sub-index,and,887-90
sub-index,Fichte and,163
sub-index,formal,1005-6
sub-index,and genetiC determinism,733
sub-index,the Ground of,13
sub-index,and habits,341-8
sub-index,Hegel and,"149, 189, 227, 263-4, 315-16, 319-20"
sub-index,and human rights,100-6
sub-index,Kant and,"148-9, 266, 337-41"
sub-index,and madness,337-48
sub-index,and marriage,445-6
sub-index,Marx and,298-9
sub-index,moral,171-2
sub-index,and nature,460
sub-index,and necessity,"227, 460-1, 465-6"
sub-index,noumenal,338-9
sub-index,and predestination,216
sub-index,and quantum indeterminacy,915
sub-index,and quantum physics,923-4
sub-index,and retroactivity,211-13
sub-index,Schelling and,887-90
sub-index,and Terror,196-7
index,"Frege, Gottlob",795-6
unknown,French Revolution,"33-4, 69, 205-6, 260, 285, 289, 294, 317-19, 319-20, 323, 437-8, 464, 574, 881"
unknown,"French Revolution,",1848 352-3
index,French vanguard cinema,28
index,"Freud, Sigmuod","3, 4, 57, 216, 239, 336, 346, 381, 471, 479-80, 491-2, 503, 551, 595"
sub-index,"Bejahung, affirmation",859-63
sub-index,Brassier's reading of,954-5
sub-index,comparison with Hegel,484-90
sub-index,comparison with Lacan,963
sub-index,on dreams,"305, 485-8, 493-4, 518"
sub-index,and drive,"131, 179, 500, 503, 547, 663n"
sub-index,and encountering the Other,828
sub-index,and ethics,"963, 965-7"
sub-index,Group Psychology and the Analysis of the Ego,452
sub-index,Hegel and,320
sub-index,Introductory Lectures on Psychoanalysis,486
sub-index,Lacan and,"305, 380, 397-8, 589-90, 631, 837, 862-3, 954-5"
sub-index,and language,871
sub-index,and madness,331n
sub-index,Meillassoux and,631-2
sub-index,and myths,951-2
sub-index,and negation,493-6
sub-index,New Introductory Lectures to Psychoanalysis,1010
sub-index,oceanic feeling,796
sub-index,the Oedipus complex,360
sub-index,partial objects,"654, 670-1, 787n"
sub-index,phallocentrism,592
sub-index,the pleasure principle,123
sub-index,primordial repression,860
sub-index,The Psychopathology of Everyday Life,456-7
sub-index,rejection of philosophy,8
sub-index,and repression,"305, 307"
sub-index,and responsibility,127
sub-index,and sexuality,"362, 441-2"
sub-index,the unconscious,"552, 715"
index,Freud-Events,836
index,frictionless capitalism,245-6
unknown,"Fried, Gregory",885-6
unknown,"Fried, Michael",255
index,"Fright of Real Tears, The (Zitek)",86-7
index,From Noon Three (film),419-20
index,"frozen image, the",30-1
index,fundamentalism,303
unknown,iulur,264 1020
index,"future, the",866-7
sub-index,borrowing from,557-79
sub-index,plagiarism by anticipation,557-64
sub-index,relationship with past,561-3
sub-index,retroactive causality,563-4
index,"Gabriel, Markus",541
index,"Gadamer, Hans-Georg",16
index,Galileo Galilei,3
index,"Gathering, The (film)",79
index,gaze,"666-8, 700-2, 708"
unknown,of the Other,"4!1, 414-15, 667, 694-5, 703-5"
unknown,Gelassel1heit,"883, 886-7, 891, 895-6, 896-8"
index,gender,"746-7, 758-9"
index,genetic determinism,733
index,genetic manipulation,354
index,Geniessen,457
index,German Idealism,"5, 7-8, 13, 106, 137-40, 160, 166, 187-8, 254, 265, 464, 717-22, 798, 888"
index,German language,471
index,Germany,"437-8, 880, 881-2, 894"
index,"Giles, James",719
unknown,Mary Louise,"51-2, 65-6"
unknown,"Gilligan, Carol",756
index,"Gilroy, Frank D., From Noon Three",419-20
index,"Girard, Rene","971-2, 975"
index,global capitalism,245
sub-index,God abandonment of,476-7
sub-index,Abraham's,83
sub-index,and the atheist wager,112-20
sub-index,belief in,116-18
sub-index,beyond Being,327n
sub-index,as big Other,"95-6, 101-2"
sub-index,correlationism and,626-8
sub-index,creation offossils,644-5
sub-index,death of,"85, 96-112, 115, 118-19, 232-3, 626-7"
sub-index,defeat of,103-4
sub-index,depth,108
sub-index,desire/will,79
sub-index,and dispositifs,986
sub-index,existence of,"78, 96-7, 172, 403-5, 798, 825"
sub-index,feminization,112
sub-index,Fichte and,182-4
sub-index,final revelation of,221-2
sub-index,and freedom,111
sub-index,the greatest,757
sub-index,Hegel and,"264, 284, 291-2, 427-8"
sub-index,immaterial,852-3
sub-index,inexistence,"104-5, 230"
sub-index,as jokester,94-5
sub-index,Kant's concept of,403-5
sub-index,Lacan and,"105, 693-5"
sub-index,as pure appearing,143
sub-index,and quantum physics,922-4
sub-index,"relationship to-2,",263-4
sub-index,separation from,106-7
sub-index,transitive belief,90-1
sub-index,and violence,965
sub-index,and voice,678-9
index,"God particle, the","943, 944"
unknown,"Godard, Jean-Lue",482
unknown,G6del's theorem,"717, 730"
index,God's eye view,726
index,"Goethe, Johann Wolfgang",491-2
index,Good,"12, 107, 304, 621, 830, 887, 889-90, 898, 973-4, 974, 977-8."
unknown,"see also Gore,",879
unknown,Gorgias,"42, 69, 70-1, 75"
index,"Gould, Stephen Jay",946
index,"Goux, Jean-Joseph",133
index,"Gramsci, Antonio",61
index,"Grant, lain Hamilton",640
index,great souls,735-6
index,"Grimm, Jacob and Wilhelm",100-1
index,"Grossman, David",698n
index,"Ground of Freedom, the",13
index,Ground of the Self,182-5
index,"Guattari, Felix","610, 619, 757-8"
index,"Haas, Andrew",67n
index,"Habermas, Jurgen","224, 238-9, 299, 302, 818, 869n"
index,habits,"341-8, 350-8"
index,hainamor atiol1,81-2
index,"Hajek, Alan",116n-17
index,"Hallward, Peter","211-13, 215, 806, 813-14, 826n, 900"
index,"Hammett, Dashiell",521
index,"Hartford,",946
index,"Hartmann, Nicolai",905
index,"Hasek, Jaroslav",1
index,"Hawking, Stephen","910-11, 927-8, 943"
index,hearing what one cannot see,670-1
index,"hedonism, ethics of",123
sub-index,"Hegel, G. W F. and the Absolute","290-2, 930-1"
sub-index,absolute idealism,"144, 239, 267"
sub-index,Absolute Knowing,"387-94, 399, 401-2, 424-5, 868"
sub-index,actual infinity,851-3
sub-index,aesthetics,392
index,analysis of Capital,241-5:
sub-index,analysis of the revolutionary Terror,196-7.205-6
sub-index,Anthropology,346
sub-index,antiphilosophy and,849-58
sub-index,and appearance,168:
index,and art,253-6:
sub-index,Aujhebung (sublation),990
sub-index,on authority,429-30
sub-index,banality,951
index,and Being,15-16:
sub-index,change in political perspective,241-5
sub-index,on Christ,97-8
sub-index,as Christian philosopher,"112, 232-3, 398-9"
sub-index,and Christianity,6.110-11
sub-index,circularity,232-40
sub-index,comparison with Freud,484-90:
index,comparison with Lacan,481:
index,comparison with Nietzsche,"194-9, 201:"
index,comparison with Schelling,12-13:
unknown,comparison with Spinoza,"367-70, 376-7:"
index,and contingency,976:
sub-index,critical critique,321-2
index,critique of democratic power,998-9:
sub-index,critique of Kant,267-9.283-6.387.866-7
sub-index,death,8
index,defense of monarchy,422-30:
sub-index,definition of freedom,149
sub-index,Deleuze's critique of,611-12
sub-index,dialectical process,199-206. 294.369-70. 468-70. 492.501-2.532-3.576-9
sub-index,dialectics,69. 194-5.260-3.272-3. 303-4. 513-14
sub-index,and divisions,39
sub-index,Elements of the Philosophy of Right,343.407
sub-index,Encyklopiidie der philosophischen Wissenschaften,"492, 498"
sub-index,eternal,392-3
sub-index,and,973-4
index,and experience,868-9:
sub-index,and Fichte,186-9
sub-index,and Foucault,990-5
sub-index,and freedom,189.227.263-4.315-16. 319-20
sub-index,and the French Revolution,69.289.294.319-20
sub-index,Freudian concepts,320
sub-index,and the future,221-6
sub-index,and the gag between Substance and Subject,377-9
index,gaze upon reality,8:
sub-index,and God,264. 284. 291-2. 403-5. 427-8
sub-index,great brealcthrough,188-9
sub-index,Great Logic,501
sub-index,and habits,341-8
sub-index,Heidegger's critique of,492-3. 501. 528-9.865-9
sub-index,historicity,390-3
index,historiography,225-6:
sub-index,and history,439-40
sub-index,idealism,"260-2.404.692. 740n, 807"
index,infinite judgment,534-5:
sub-index,"""Jenaer Realphilosophie""",353-4
sub-index,and Kant,8.280-1.293.403-5.496
sub-index,Kierkegaard's critique of,463-4
sub-index,and labor,202-3
sub-index,Lacan and,18.403. 860
sub-index,and language,877-8
sub-index,Lectures on Aesthetics,"253, 387, 669-70"
sub-index,Lectures on the Philosophy of History,289. 310.319. 339.390
sub-index,Lectures on the Philosophy of Religion. Vol.,3 399. 509
sub-index,liberal readings of political thought,991-2
sub-index,limitations of,240.455-63
index,literary examples,564-8:
sub-index,and love,"9, 112"
sub-index,and madness,331.339.348-54
sub-index,and marriage,"442-8, 480:"
index,Marx and,"6.207.245.250-2.260.436-7. 525-6, 857-8:"
sub-index,Marx's critique of,"201, 203.433-4"
sub-index,Meillassoux and,628-9. 636-8
index,model of,civil
sub-index,society,241-3
index,and multiplicity,228-31:
sub-index,narcissism,258
sub-index,and nature,459-62
index,and negation,59:
sub-index,negation of negation,"38, 292-304, 314.787"
sub-index,negation without a filling,311-26
sub-index,and negativity,282.866-8. 869
sub-index,nihilism,199
sub-index,objective spirit,96-9.286
sub-index,and the One,840.851-2
sub-index,oppositional determination,793
sub-index,originality,359
sub-index,and Parmenides,50
sub-index,Phenomenology of Mind,198.276. 280.282.309.315-16.364.379.485
sub-index,Phenomenol ogy of Spirit,10-11. 37. 76. 108. 139-40. 168. 188. 189. 202. 205.257.341. 383. 395. 456. 467. 478. 530. 544. 546. 564-8. 583. 692. 718. 930-1
sub-index,Philosophy of History,471-3.564-8
sub-index,Philosophy of Mind,343.347.349
sub-index,Philosophy of Nature,341
sub-index,Philosophy of Right,189.201. 221.322. 390. 431. 442. 451-3. 480
sub-index,Philosophy of Spirit,346. 483-4
sub-index,Philosophy of Subjective Spirit,186. 189.459
sub-index,The Philosophy of World History,391
sub-index,and pleasure,309-10
sub-index,political vision,964
sub-index,and potentiality,231:
index,and predestination,217-19:
sub-index,pre-Hegelian,49
sub-index,and psychoanalysis,300-2
sub-index,and quantum physics,950-61
sub-index,reconciliation,"256-7, 258-60, 262, 290-1, 302-3, 321-6, 357, 392, 478, 502, 950"
sub-index,relevance,257-61
sub-index,and religion,"97-8, 358"
sub-index,and repression,306-7
sub-index,retroactivity,207-13
sub-index,and Schelling,"12-13, 137-8, 381, 425"
sub-index,Science of Logic,"38, 186-7, 189, 294, 366-7, 378-9, 399, 459, 466-7, 809, 913"
sub-index,self.consciousness,406-8
sub-index,and self-limitation,157-8
sub-index,self-movement of the notion,92
sub-index,and sexuality,440-9
sub-index,and skepticism,825n
sub-index,speculative idealism,194
sub-index,and Spirit,"186-7, 203, 234-5, 237-8, 258, 276, 346, 353-4, 414, 459"
sub-index,status,"5, 236-40"
sub-index,and the subject,"379-86, 947"
sub-index,and Substance,379-81
sub-index,and the supersensible,36-7
sub-index,System der Sittlichkeit,241
sub-index,and Terror,"315-20, 319-20"
sub-index,theology,693-5
sub-index,theory of Illind,6
sub-index,theory of Notion,363-7
sub-index,theory ofi.var,449-53
sub-index,"""third syllogism of Philosophy""",402-3
sub-index,and Thought,219-26
sub-index,triad,70
sub-index,and true universality,226
sub-index,and Truth,"77, 197, 352, 909"
sub-index,the unconscious,484-8
sub-index,and Understanding,"188, 269, 272-3, 276-7, 279-80, 354, 395, 426-7"
sub-index,uniqueness,17
sub-index,and universality,"361, 764"
sub-index,Vorlesungen iiber die Philosophie der Religion I,284
sub-index,young Hegelian critique of,865-6
sub-index,Ziick and,286-9
index,hegemony,"247, 356-8"
index,"Heidegger, Martin","6, 56, 257, 409, 411, 472-3, 507, 553, 595-6, 625, 632, 652, 696, 958"
sub-index,and Absolute Knowing,868
index,alternative reading of,878-82
sub-index,; anti­Platonism,41
sub-index,and anxiety,835
sub-index,and being,925-6
sub-index,and Buddhism,108
sub-index,Catholicism,893
sub-index,and class struggle,898-903
sub-index,comparison with Badiou,808
sub-index,comparison with Lacan,872-8
sub-index,comparison with Schelling,886-90
sub-index,and consciousness,652
sub-index,critique of,882-90
sub-index,critique of Hegel,"492-3, 501, 528-9, 865-9"
sub-index,Dasein,"739, 867, 872, 874, 882, 892-3, 895"
sub-index,and democracy,900-2
sub-index,and drive,884-5
sub-index,Ereignis,890-1
sub-index,and,"878, 887-90"
sub-index,and fantasy,176-7
sub-index,Gelassenheit,"886-7, 891, 895-6, 896-8"
sub-index,Gestell,270-1
sub-index,grand narrative,878-9
sub-index,"""Hegel und der Staat""",747
sub-index,historicity,897-8
sub-index,and Husserl,139-40
sub-index,and jouissance,873-5
sub-index,and Kant,894
sub-index,Kant and the Problem of Metaphysics,"385, 894"
sub-index,Lacan and,859-65
sub-index,and language,869-78
sub-index,and Nazism,"873-4, 878-9, 882, 902-3"
sub-index,and negativity,888
sub-index,and Nietzsche,195-6
sub-index,"""On the Essence and Concept of Nature, History, and State""","878-82, 882-3"
sub-index,ontological difference,892
sub-index,polemos,886
sub-index,quantum physics and,924-6
sub-index,radical historicity,890-6
sub-index,Sein und Zeit,892-3
sub-index,and sexuality,987
sub-index,and the State,880-2
index,"""Why Do",1
sub-index,"Stay in the Provinces?""",1007-8
sub-index,and,"5, 883-4"
index,"Heine, Heinrich","8, 295"
index,Heisenberg's uncertainty principle,"924, 929-30"
unknown,"Henrich, Dieter","8n, 10,"
unknown,],"1, 13, 38, 138, 145, 171-2, 173-4, 175-6, 182, 183, 188-9, 266"
index,Between Kant and Hegel,"16n, 52, 177-8, 184-5, 187, 292-3"
index,Heraclitus,59
index,"Hermant, Abel",82
index,heroes and heroism,"217, 834"
index,"Herzog, William",114
index,hierarchical order,"972-4, 977"
index,hierarchical society,"763, 793"
index,"Higgs field, the","4, 132, 133- 4, 941-2, 943, 944-5"
index,High Anxiety (film),677n
unknown,"Highsmith, Patricia, Strangers",011
unknown,a Train,569
index,historical impossibility,193-4
index,historical memory,397-8
index,historical philology,195
index,historicism,360
index,historicist evolutionism,439.474
index,historicity,"890-6, 897-8"
index,history,"233-4, 439-40"
sub-index,emergence of order from,219-26
sub-index,Hegel's philosophy of,564-8
sub-index,hegemonic ideological narrative and,996-8
sub-index,Kant on,33-4
sub-index,Marxist,464
sub-index,and predestination,217-19
sub-index,reading retroactively,72
sub-index,and repetition,996
index,"Hitchcock, Alfred","45, 371-5, 478-9, 557-8, 606, 666, 687, 854"
index,"Hitler, Adolf","707, 762, 902"
index,"Hobbes, Thomas","313, 881"
index,"Hofstadter, Douglas","717-22, 725-37, 737"
unknown,"Hogrebe, Wolfram",541
unknown,"H51derlin, Friedrich","13-16, 353, 888, 895"
index,"Holmes, Richard",85
index,"Holocaust, the","23-30, 31, 80n, 128, 965"
index,"Holocaust survivors, guilt",830
index,"Holy Ghost, the","86, 114, 115"
index,"Holy Spirit, the","96-9, 100, 232"
index,homeland,880
index,"homosexuali ty, ethics of",124
index,"Horkheimer, Max","257, 818"
index,horror movies,44-5
index,"human, the",826
index,"human animal, the","561-2, 823-6, 884-5"
index,human rights,"360, 1005"
index,humanism,98
index,"humanity, spiritual substance of",96-7
index,humanization,499
index,"Hume, David, A Treatise of Human Nature",718-20
index,humor,"114, 590, 599n"
index,"Husser!, Edmund","139-40, 161, 271, 409, 581"
index,"Hyppolite, Jean","83, 507, 866"
unknown,hysterical dissatisfaction,68
unknown,"""I"", Notion of",365-6
index,icons,"853 Id,"
unknown,the,701
unknown,"Ideal, the",156
index,Ideal of Unity of Self and not-Self,171
index,idealism,"144, 145-6, 160, 228, 270, 844"
sub-index,absolute,"144, 239, 267, 387"
sub-index,abstraction and,948
sub-index,Hegelian,"260-2, 404, 692, 740n, 807"
sub-index,and materialism,42
sub-index,speculative,"194, 239"
sub-index,subjective,"6, 137, 144, 283"
index,idealist anti-reductionism,41
index,idealist realism,156
index,Ideas,"31, 35-7"
sub-index,eternal,"815-17, 819-21"
sub-index,existence of,"40, 68"
sub-index,fidelity to,817-18
sub-index,of objects,375
sub-index,Otherness of,461-2
sub-index,regulative,821
sub-index,as an unfinished project,818-19
index,Idenliliitsphilosophie,144
index,identity,"392, 469"
sub-index,and Anstoss,151-4
sub-index,collective,"312, 1000-1"
sub-index,and difference,153
sub-index,Fichte and,153-5
sub-index,and habits,345
sub-index,and limitation,154-5
sub-index,masculine,755-6
sub-index,national,"313-14, 846"
sub-index,self,"153-4, 187, 386, 717-18"
sub-index,sexual,"216, 746-7"
sub-index,and sexual difference,745-6
sub-index,symbolic,"422, 553, 555"
sub-index,and universality,362
index,identity of opposites,535-6
index,Ideological State Apparatuses,984-5
index,Ideologie-Kritik,983-4
unknown,ideology,"200-1, 269-70, 278, 311-13, 752, 971, 997n"
unknown,Id-Evil,864
unknown,"idiot, the",1
unknown,"I-form, the",140-2
index,ignorance. as hypocrisy,107n
unknown,ilya,"57, 890"
unknown,illusion,"44, 46-7, 380"
index,"imaginary, the, and the symbolic",691-5
index,imagination,175-8
index,imbecility,1-3
index,immoral ethics,123. 123-7
index,immortality,"5, 79, 101, 657-8, 735-6"
index,imperialism,"802, 1003"
index,inaesthetics,790-1
index,"inconsistency, and Truth","813-14, 815-19"
index,"incorporation thesis, the",169-70
index,incorporeals,35-6
index,indeterminacy,795-6
index,"individual, the",826
index,individuality,"312, 366, 451"
index,individuation,612
index,"industrial revolution, the",244
index,"Ineffable, the",756
index,"infinite, the",913-14
index,infinite judgment,"75, 166-7, 170, 534-5, 552, 785, 788, 796, 864, 1007"
index,infinite totality,529-30
unknown,infinity,"158-9, 161-2, 169, 647-9"
unknown,"In-itself, the","389, 632-5, 644"
index,injustice,434-5
index,"instrumental reason, critique of",968-71
index,intellectual intuition,265-9
index,interactivity,749
index,interpassivity,749
index,intersubjectivity,541-5
index,"Inwagen, Peter van",909
index,Iran,34
index,Iraq,"313n, 768"
index,irony,513-14
index,irrational time,927-8
index,Islam,"122, 132-3"
index,Israel,"90-1, 299n, 593-4"
index,"Jacobins, the","205-6, 450, 464, 710-12, 877"
index,"Jambet, Christian",19
unknown,"Jameson, Fredric","256-7, 269-72, 275, 278, 317n, 462, 582-3, 781-2, 871, 952, 970, 991, 1001-4"
unknown,"Ie (aime, je t'aime (film)",28
index,Jean de Florette (film),306
index,"Jefferson, Thomas","341, 450"
index,"Jelinek, Elfriede",871
sub-index,Jesus Christ betrayal of,"84, 549-50"
sub-index,crucifixion,"79, 299-300, 576"
sub-index,death of,"79, 80 100, 102, 104, 232-3"
sub-index,Deleuzian,619
sub-index,as embarrassing monstrosity,84-5
sub-index,feminization,112
sub-index,as God in flesh,852-3
sub-index,Hegel on,97-8
sub-index,immortalization of,85-6
sub-index,Nietzsche on,757n
sub-index,parable of the talents,112-14
sub-index,radical sayings,114-15
sub-index,relationship to man,540-1
sub-index,resurrection,530-1
sub-index,sacrifice,213-14
sub-index,as savior,222
sub-index,unity of opposites,107
index,"""Joe Hill"" (song)","85-6, 99"
index,"Johnson, Samuel",4'12
index,"Johnston, Adrian","115-16, 912"
index,"jokester, role of the",94-5
index,"Joshi, Manohar Shyam, The Perplexity of Hariya Hercules",542-3
index,jouissance,"43-4, 55-7, 308, 381, 457, 500, 560-1, 651, 781, 819, 968-71"
sub-index,ethics of,124
sub-index,Heidegger and,873-5
sub-index,and the One,57
sub-index,and the phallic Signifier,769
sub-index,sexual,777
sub-index,and violence,864
index,jouissancefeminine,"56, 57, 751-6, 783"
unknown,jouis-sens,672
index,"Joyce, James, Finnegan's Walce",29
index,Judaism,"104, 118-19"
index,judgment,"13, 14."
unknown,"see also infinite judgment Jung, c. G., Civilization in Transition",300-2
unknown,justice,"34, 127, 834-5"
index,"Kafka, Franz","1, 7, 19, 107, 129, 209, 413, 430, 536, 559-60, 653-4, 687-8, 867, 987"
sub-index,"Kant, Immanuel concept of God",403-5
sub-index,Conflict of the Faculties,33-4
sub-index,critique of metaphysics,268
sub-index,Critique of Pure Reason,"8, 10, 148, 163, 167-8, 169, 176, 265, 281-2, 630, 631, 721, 740, 868, 894"
sub-index,Deleuze and,608
sub-index,and desire,706
sub-index,and duty,547-8
sub-index,dynamic antinomies,163
sub-index,and ethics,"123, 127-8, 825-6"
sub-index,external X,152
sub-index,Fichte and,"11, 137, 147-51, 168-9, 171-3"
sub-index,and freedom,"148-9, 266, 337-41"
sub-index,and the French Revolution,317-19
sub-index,and Hegel,"280-1, 293, 403-5, 496"
sub-index,Hegel's critique of,"267-9, 283-6, 387, 866-7"
sub-index,Heidegger and,894
sub-index,on history,33-4
sub-index,and imagination,176
sub-index,incorporation thesis,169-70
sub-index,infinite judgment,"166, 785, 788, 796, 1007"
sub-index,Kant avec Sade,817-18
sub-index,and madness,166-7
sub-index,materialism,404
sub-index,Meillassou x's critique of,"627-8, 630-2"
sub-index,and metaphysical propositions,120
sub-index,Metaphysics of Morals,318
sub-index,moral theology,171-2
sub-index,and morality,626:
index,noumena thesis,280-3:
sub-index,and obedience,980-1
sub-index,philosophical motivation,"10:philosophy 9-11, 271"
sub-index,and the Real,265-6
index,and reality,"9, 164:"
sub-index,rejection of intellectual intuition,265-9
sub-index,and repression,306-7
sub-index,Schopenhauer on,11
sub-index,and science,9
sub-index,second antinomy of pure reason,741-2
sub-index,and the Self,"720-1, 724"
sub-index,and self-consciousness,347-8
index,and sexual difference,740:
sub-index,and terror,834n
sub-index,Thing-in-itself,"152. 154-5, 155, 159, 168-9, 176, 179, 267, 389, 496"
sub-index,transcendental I,540
index,transcendental idealism,"844, 845. 906:"
sub-index,transcendental object,650
sub-index,transcendental synthesis,468-9
sub-index,transcendental turn,8
index,"Kantian break, the",193-4
index,"Kantorowicz, Ernst",710
index,"Karatani, Kojin",119-20
index,"Karate The (film,",2010) 946-7
index,"Keller, Evelyn Fox",916
index,kenosis,115
index,"Kierkegaard, S0ren","41, 82-4, 85, 266, 365, 385, 429, 463-4, 491, 575, 627, 875, 897"
index,"Kieslowski, Krzysztof",362-3
index,killing,"128, 134"
unknown,"Kings Speech, The (film)",421
unknown,"Kieist, Heinrich","569-76, 698-9"
index,knowledge,"184-5, 907-12, 930-1"
index,"Kojeve, Alexandre","461, 507, 866"
index,"Kolakowski, Leszek",827
index,"Kolbe, Maximilian",121-2
index,"Koslowski, Peter",888n
index,"Koyre, Alexand;e",866
index,"Kraus, Karl",784
index,"Kubler-Ross, Elisabeth",5
index,"Kureishi, Hanif",942-3
sub-index,labor Hegel and,202-3
sub-index,Marx and,360
index,"Lacan, Jacques","409, 477, 663n, 1007"
unknown,and Absolute Knowing,"508-13, 522-3:"
index,and the emergence of the subject,707-8:
index,on animals,413:
sub-index,anti -correlationism,6
sub-index,on Antigone,84
sub-index,antinomies of sexual difference,772-80
sub-index,antiphilosophy,"18-19, 839, 844-50"
sub-index,anxiety,673-4
sub-index,on appearance,31:
index,atheism,128:
sub-index,and Bejahung. affirmation,859-63
sub-index,the big Other,"2, 183, 185-6, 263, 406, 511, 514-15, 526, 578, 661-2, 972"
sub-index,binary logic,587-90
sub-index,the Borromean knot,"439, 798-800"
sub-index,and capitalist reality,18-19
sub-index,and causality,856-7
sub-index,and cogito,876-7
sub-index,comparison with Badiou,836
sub-index,comparison with Freud,963:
index,comparison with Hegel,481:
index,comparison with Heidegger,872-8:
sub-index,and contingency,976
sub-index,critique of Buddhism,127-35
sub-index,and Deleuze,619-21
sub-index,on den,59
sub-index,and desire,706
sub-index,dialectical materialism,780-1:
index,discourse of the University,985:
sub-index,and drive,"179, 497, 498, 550-1, 619-20"
sub-index,Ecrits,"508, 510, 525-7, 592"
sub-index,"emergence out of the ""human animal""",561-2
sub-index,and encountering the Other,828:
index,and enjoyment,307-8:
sub-index,ethics,"121-7, 163, 963, 964-5, 967-8"
sub-index,"The Ethics of Psychoanalysis,","84, 102, 121"
index,on,978-9:
sub-index,and the experience of reality,667
sub-index,and fantasy,"689, 690-1, 695-6, 769, 996"
sub-index,Four Fundamental Concepts of Psycho-Analysis,"128, 336-7"
sub-index,and Freud,"305, 380, 397-8, 589-90, 631, 837, 862-3, 954-5"
sub-index,on God,"105, 118"
sub-index,and Hegel,"18, 403, 507-55, 860"
sub-index,and Heidegger,859-65
sub-index,on the Holy Ghost,86:
index,and jouissance,874-5:
index,and the jouissance feminine,"56, 783:"
index,jouis-sens,672:
sub-index,Kant avec Sade,817-18
index,lalangue,"462-3, 470-1, 485:"
sub-index,and language,870
sub-index,"""Lituraterre""",819:
index,logic of the signifier,386:
unknown,on love,773-4:
index,and madness,334-5:
sub-index,and marriage,448
sub-index,and Marx,525-6
sub-index,Master-Signifier,"597-9, 647, 679-85, 729, 763-4, 845, 847, 963"
sub-index,Meaning and Sense,697-8
sub-index,mediation between the imaginary and the symbolic,691-5
sub-index,Miller on,704-5
sub-index,negation of the negation,787-94
sub-index,the non-All,764-71
sub-index,the non-relationship,800-2
sub-index,the objet a,"39-40, 151, 598-600, 639, 660-6, 946"
sub-index,objet petit a,"175, 617, 650, 668"
sub-index,and the One,"796-7, 847-9"
sub-index,and the Other,785-7
sub-index,and Parmenides,50
sub-index,partial objects,"654, 670-1"
sub-index,perspective of the Last Judgment,126-7
sub-index,phallic signifier,"590-7, 769, 856"
sub-index,phaUocentrism,681-2
sub-index,point de capitan,367
sub-index,and pretending,46
sub-index,primordial symbolization,859-65
sub-index,prosopopoeia,513-20
sub-index,and psychoanalysis,"312, 511-12, 760-1n"
sub-index,quilting pOint,"586, 589, 921-2, 937"
sub-index,Rapport de Rome,"507-8, 508-10"
sub-index,and the Real,"244-5, 480, 782-4, 839-41, 958-9"
sub-index,the Real of sexual difference,"745-56, 778"
sub-index,realism,780-7
sub-index,and scientific knowledge,919-21
sub-index,and the Self,723
sub-index,and semblances,43-5
sub-index,Seminar I,522
sub-index,Seminar,II 483
sub-index,Seminar,"VII 427-8, 760-1, 799n"
sub-index,Seminar X,760-1n
sub-index,Seminar XI:,"131, 179, 375, 619-20, 760-1"
sub-index,Seminar,XVI 660-2
sub-index,Seminar,XVIII 780
sub-index,Seminar,XX 971
index,Seminar,XX
sub-index,(Encore),18
sub-index,Seminar,XXIII 102
sub-index,and separation,235-6
sub-index,and sexuality,960-1
sub-index,and sexuation,"112, 746-7, 753, 756-71, 787-8, 794-802, 875"
sub-index,signifiers,"6, 353, 730, 846-50, 937"
sub-index,and Spirit,234
sub-index,status,5
sub-index,on structuralism,581-2
sub-index,and the subject,"140, 196n, 750, 872, 876"
sub-index,subject supposed to know,90
sub-index,and the supersensible,37
sub-index,and supposition,538-41
sub-index,symbolic castration,"197, 307, 362, 495-6, 595-6"
sub-index,"""Television""",334-5
sub-index,the theologico-political,550-1
sub-index,theology,693-5
sub-index,theory of sexual difference,"588, 612-13, 691-2, 739-45, 745-56, 772-80"
sub-index,theory of visual art,705
sub-index,torus,845
sub-index,and Truth,"23, 76, 77, 252, 512-13, 520-3, 526-7"
sub-index,twofold movement,219-20
sub-index,and the unconscious,484-5
sub-index,universal notions,364
sub-index,use of fantasy,177
sub-index,"""Vers un signifiant nouveau""",2
sub-index,on voice,669-70
sub-index,Yo d'l'Un,"54, 55-8, 59"
index,lacks,598-9
index,"Laclau, Ernesto","153, 356-7, 386, 771"
index,"Lacoue-Labarthe, Philippe",873
index,lalangue,"462-3, 470-1, 485, 488"
index,language,"412-14, 756"
sub-index,as big Other,871
sub-index,and contingency,469-71
sub-index,and death,511
sub-index,depiction of reality,25-6
sub-index,essencing of,472-3
sub-index,habits as,344
sub-index,Heidegger and,869-78
sub-index,limits of,367
sub-index,"the ""linguistic turn",7n
sub-index,and listening,871-2
sub-index,as a mode of production,7
sub-index,and quantum physics,918-19
sub-index,symbolic castration,197
sub-index,and thinking (knOWing),75
sub-index,and Truth,877-8
sub-index,and understanding,16
sub-index,universal intersubjectivity of,25
sub-index,and violence,869-78
index,"Lanzmann, Claude",23
index,"Laplanche, Jean",828
index,"Lardreau, Guy","18, 19"
index,"Laruelle, Franois",955-8
index,"Last Judgment, absence of",129
index,Last rear in Marienbad (film),28
index,"Law, the","819-21, 965-6"
index,Law of Excluded Middle,61
index,Le Ganfey,"791-2, 795n, 800"
index,"Leader, Darian, Why Do Women Write More Letters Than They Post?",751
index,Lebanon (film),277-8
unknown,"Lebrun, Gerard","224-5, 226, 232-3, 236, 249, 429-30, 450"
unknown,fenvers de fa dialectique,"194-7, 199, 201, 204, 217-18"
index,"Lefort, Claude",429
index,"Lem, Stanislaw, Safaris",656-7
index,"Lenin, V. l.","40, 120, 124, 915"
unknown,Materialism and Empirio-Criticism,"178, 625, 643, 912, 932:"
unknown,"""Our Revolution""",574-5
index,less is more,989-90
index,"Levi, Primo","24n, 29, 830"
index,"Levinas, Emmanuel","295, 327, 411, 626, 827-31"
unknown,Levinasian-Derridean ethics,123n
unknown,"Levi-Strauss, Claude","185, 503, 584-5, 810-11, 1008-9"
index,"Levy, Bernard-Henri",128
index,"Lewis, David K.",45-6
index,liberal hedonism,123
index,liberalism,"396-7, 966"
index,"life, theatricalization of",578-9
unknown,"Life of David Gale, The (film)",690-1
unknown,"Life and Times of Sara Baarlman, The (film)",737
index,limitations,"154-5, 156-9, 281-6, 388, 390, 979"
index,"Lindquist. DanieL ""Christianity and the Terror""","286-8, 291"
index,literature,32-3
index,"Livet, Pierre",159
index,"Lloyd, Elisabeth",441
index,"LogiC, Metaphysics and",49
index,lOgical form,25-6
index,logical temporality,629
index,logos,"13, 77, 809"
index,"London, Jack, Martin Eden","417-19, 420, 563"
index,London Review of Books,270
index,lost causes,1010
unknown,love,"9, 33, 442-9, 749, 750-1, 773-4"
unknown,Badiouand,"101, 111-12, 819-20:"
index,Christian,79-86:
index,Christianity and,"101, 112:"
index,ecstatic,"79, 80:"
unknown,Hegel and,112:
unknown,and the Law,819-21
unknown,love-Events,836
index,"Lilics, Georg","258, 261, 285, 461, 522, 626, 857, 908"
sub-index,• History and Class Consciousness,"220, 260, 388n"
sub-index,Theory of the Novel,393
index,"Lynch, David",331
index,"Lyotard, Jean-Fran, ois","18, 210"
index,"McFarlane, Thomas J.",50
unknown,"McGinn, Colin",652-3
unknown,"Macintyre, Alasdair",97-8
index,madness,"6, 166-7, 449"
sub-index,and crime,350
sub-index,Derrida's analysis,"329-31, 332-3:"
index,Descartes and,327-30:
unknown,Foucault's analysis,"328-30, 332-3:"
unknown,and freedom,337-48:
unknown,Freud and,331n:
unknown,and habits,"341-8, 350-6:"
unknown,Hegel and,"331, 339, 348-54:"
unknown,and hegemony,356-8:
index,history of,327:
unknown,Lacan and,334-5:
unknown,and psychoanalysis,332-3:
index,and reality,348-9:
index,and religion,327-8
index,"Mahler, Gustav",604
unknown,"Malstre, Joseph de","521, 971-2"
unknown,"Malabou, Catherine","105-6, 321, 341, 347, 350-1, 353, 544, 715-17, 990-5"
unknown,The Future of Hegel,"359, 390, 400-1, 502"
unknown,"Malebranche, Nicholas","78, 334, 335"
index,"Malevich, Kazimir",712-13
unknown,"man, animality of",408-16
unknown,"Man, Paul de, Blindness and Insight",278-9
index,mana,584-5
index,"Manke!, Henning",481
index,Manon des Sources (film),306
index,Mao Zedong,2-3
index,"Maoz, Samuel",277-8
index,"Marai, Sandor",542
index,marching chants,699-700
index,"Marcus Aurelius, Meditations",32
index,"Marcuse, Herbert. Eros and Civilization",308-9
index,"Margulis, Lynn","157-8, 909"
index,"market dynamic, the",243-4
index,marriage,"112, 442-8, 480"
index,"Martin, Sean",655
unknown,"Marx, Karl","44, 230-1, 395, 412, 431, 523, 663, 793, 810, 956n"
unknown,analysis of capital,244-52:
index,antiphilosophy and,850:
index,Capital: A Critique of Political Economy,"247-50, 260-1, 273n, 409-10, 457-8,"
unknown,IDOl: and class struggle,"250, 846:"
unknown,"""Class Struggles in France""",352-3:
index,The Communist Manifesto,"247, 298"
sub-index,-9; communist society,257
sub-index,critique of Hegel,"201, 203, 433-4"
sub-index,"Critique of Hegel's ""Philosophy of Right",422-3
sub-index,Eighteenth Brumaire a/Louis Bonaparte,"434, 465, 1002"
sub-index,and freedom,298-9
sub-index,Grundrisse manuscripts,"220-1, 249, 857"
sub-index,and Hegel,"6, 207, 220, 245, 250-2, 260, 436-7, 525-6, 857-8"
sub-index,Henrich's critique of,189
sub-index,historiography,464
sub-index,and labor,360
sub-index,logic of commodity fetishism,7
sub-index,and power,1006
sub-index,"""The Difference Between the Democritean and Epicurean Philosophy of Nature""",404n
sub-index,and universality,360-1
index,Marxism-Events,836
index,Marxist anti-Platonism,40
index,Marxist dialectics,71-2
index,masculine identity,755-6
index,"masculine principle, the","739, 744-5, 795"
index,masks,"46-7, 351-2, 516, 517, 749"
index,mass consumption,970
index,"Master, the","19, 848-9, 1007"
sub-index,authority,430
sub-index,dialectics of,"196-8, 202, 992-4"
index,"Master-Signifier, the","428, 589-90, 591, 597-9, 646-7, 679-85, 729, 763-4, 845-6, 847, 963, 966"
index,material reality,742
index,material sincerity,88-9
index,materialism,"42, 228, 453, 807, 809, 906-7, 912, 932-3, 945, 955"
index,materialist dialectics,"41, 42"
index,mathematics,"458, 807"
index,mathemes,698n
index,Matrix trilogy (films),"336-7, 995"
index,maturation,16
index,"Maupassant, Guy de","557, 559"
index,mauvaise fOi,355-6
index,Meaning,"7, 92, 568-76, 697-8"
index,meden,59
index,"Meillassoux, Quentin","6, 227-30, 369, 823, 849, 905, 907, 908"
sub-index,and access to the Absolute,633-6
sub-index,After Finitude,625-47
sub-index,critique of,643-7
sub-index,critique of Hegel,"628-9, 636-8"
sub-index,critique of Kant,"627-8, 630-2"
sub-index,and Freud,631-2
sub-index,and religion,626-8
sub-index,strategic move,638-44
sub-index,and transcendenal correlationism,"632-5, 936"
sub-index,use of Hegelian terms,636-7
index,"Meir, Golda",90-1
index,Melissus,60
index,"Melville, Herman","62, 1006-7"
index,"memory, and trauma",27
index,"Merleau- Ponty, Maurice, Humanism and Terror","126, 524"
index,metaphysical illusions,10-11
index,Metaphysics,"10-11, 49, 268, 671, 844, 897"
index,"Metzinger, l1lOmas","722-4, 729-30"
index,"Miller, Jacques-Alain","46, 119, 210, 496-7, 581-2, 597, 600-3, 618, 660-1, 664-5, 695-6, 702-3, 704-5, 797, 917, 967, 968-71"
index,"Milner, Jean-Claude",424-5
index,mind,"6, 178, 180"
index,minimal difference,"616-17, 838, 847-8, 959, 974"
index,minimal libidinal fixation,58
index,miracles,230
index,Mirror (film),655-6
index,mobilism,"200, 207"
index,"Moder, Gregor, Hegel in Spinoza",498-9
index,modernism,"255, 603-4"
index,modernity,"15, 70, 340-1, 428-9, 781-2, 818"
unknown,"Moliere, Tartuffe",88
unknown,MolIa Sadra,19n
index,monarchy and the monarch,"407-8, 422-30, 461, 481, 503, 1001"
index,money,"246, 247-50"
index,"Monk, Ray",947n
index,moral autonomy,128
index,moral cowardice,90
index,moral goodness,135
index,moral theology,171-2
index,morality,"124-5, 171, 296, 350, 762"
index,"moron, the","1, 2"
index,"mother, Lacanian",594-5
index,"Mouffe, Chantal",224
index,"Mozart, Wolfgang","446-8, 448, 503, 757"
index,Mr. & Mrs. Smith (film),784
index,"Mubarak, Hosni",34- 5
index,Mulholland Drive (film),884
index,Muller. Heiner,835
index,multiple-worlds theory,927
index,multiplicity,"51, 67, 227-31, 741, 744-5, 757-8, 805, 808, 809-10, 8ll-l2, 823, 847, 854-5, 892"
index,music,"458n, 603-8, 614-15, 669-71, 672"
index,"Musil, Robert",515
index,Muslim fundamentalists,802
index,mysticism,55
index,mythic violence,878
index,mythos,77
index,myths,951-3
index,"Name-of-the- Father, the","680-1, 684, 761"
index,"Nancy, Jean-Luc","823n, 882, 886"
index,nanotechnology,"726n, 733, 982n"
index,narcissism,394
index,narrativization,16
index,"Nasstr5m, Sofia",313
unknown,National identity,846
unknown,"Nation-Thing, the",942-3
index,"natural sciences, Meillassou x's critique of",630-2
index,nature,"71, 164-5, 230, 233-4, 237-8, 373, 400"
sub-index,difference in,936-8
sub-index,exploitation of,405:
index,Hegel and,459-62:
sub-index,human affect on,416
sub-index,release of,401-3
sub-index,sadness in,412-14
sub-index,spiritualization of,826
index,Nature,12
index,Nazism,"302-3, 873-4, 878-9, 902-3"
unknown,necessity,"369, 460-1, 464, 467-8, 471, 629, 636, 791"
unknown,and freedom,"227, 465-6"
index,negation,58-60
sub-index,absolute,492
sub-index,autonomous,292
sub-index,and differentiality,765-8:
index,double,788:
sub-index,Freudian,493-6
sub-index,Lacanian,787-94
sub-index,self-relati Ag,473-80
sub-index,and signifiers,592
sub-index,without a filling,3ll-26
index,negation of negation,"38, 292-304, 311, 314, 324, 457, 473, 475-80, 520, 592, 787-94"
index,negative dialectics,"261, 391"
index,negative philosophy,12
index,negative predication,55
index,negativity,"199, 282, 290-1, 317-18, 433, 477, 482-3, 489, 492, 494, 500-1, 503, 600, 8ll, 835-6, 866-8, 869, 888"
index,"neighbor, the",826-31
index,Neoplatonism,"56, 57"
index,neurosis,701
unknown,"New, the","483, 501, 644"
unknown,emergence of,"455-6, 468, 855"
index,"New Right, the",452
index,"Newton, Isaac",462.908
index,Nietzsche. Friedrich,"25.232. 322. 410. 549-50, 612, 627, 663, 734"
sub-index,anti-Platonism,40
sub-index,on authority,429
index,Beyond Good andEvi!,"47-8, 617:"
sub-index,on Christ,757n
sub-index,comparison with Hegel,"194-9, 201"
sub-index,and happiness,123
sub-index,and immoral ethics,124-5
sub-index,overcoming of morality,762:
index,to Power,195-6 9/11
unknown,terrorist attacks,246-7. 491n
unknown,Ninotchko (film),765-6
index,nirvana principle. the,131-2
index,No Country for Men (film),658
index,noble lies,789-90
index,nominalism,781
index,"non-All, the","742, 764- 71, 791, 821, 849, 852, 921, 925"
index,non-being,43. 65
unknown,non-existing entities,55
unknown,no-existing things,75-6
index,non-I (Nicht-Ich),"154-5, 156-7, 162, 165-7"
index,non-Self,167
index,normality,835
index,North by Northwest (film),"371-3, 601, 854"
unknown,North Korea,3ll-13
unknown,no-self theory,718-19
index,Nothing,"58-9, 60, 68, 167, 376-8, 495, 945"
index,Nothingness,"4, 38-9, 55, 66, 132, 304, 926"
sub-index,and Being,228-9
sub-index,and corre1ationism,641-3:
index,and objet a,599-600:
sub-index,and the subject,378-9
sub-index,unbounding,640-1
index,Notion,"360, 363-7, 396, 638, 817"
unknown,notional universality,455
unknown,"not-Self, and Self",169-71
index,noumena,280-3 1030
index,"noumenal domain, the","148-9, 163"
index,noumenal freedom,338-9
index,"Obama, Barack",35
index,"object of desire, illusory nature of",132-3
index,objective idealism,144
index,objective poverty,434
index,objective reality,"7, 9, 808, 924, 957"
index,objective spirit,96-9
index,objective thought,463
index,objectivity,541-5
index,objectless lmowing,424-5
index,"objet D, the","40, 101, 457, 480, 497-8, 500-1, 598-603, 985"
sub-index,coincidence of form and content,660-6
sub-index,definition,754
sub-index,destruction of,660
sub-index,dimensions of,654-60
sub-index,Lacan and,"39-40, 151, 598-600, 639, 660-6, 946"
sub-index,and the One,599
sub-index,presence,695-6
sub-index,structure of,664-6
index,"objet petit a, the","175, 617, 650, 654-5, 668, 768"
index,obscurantist idealists,58
index,observing subjects,932-5
index,obstruction,658-60
index,occasionalism,"334-5, 336"
index,Occupy Wall Street movement,"1006, 1007"
index,Oedipal tradition,133
index,Oedipus,"100, 951-2"
index,"Oliveira, Manuel de, A Talking Picture (film)",30
index,Once Upon a Time in America (film),884
index,"One, the","473-4, 840, 949-50"
sub-index,and Being,"42, 54-5"
sub-index,Hegel and,851-2
sub-index,is not,64-5
sub-index,and jouissance,57
sub-index,Lacanian,"796-7, 847-9"
sub-index,and multiplicity,"51, 227-8"
sub-index,as non­existing entity,55
sub-index,and objet a,599
sub-index,as part of the Whole,63-4
sub-index,Platonism and,52
sub-index,Plato's eight hypotheses,"53-60, 60-9"
sub-index,temporal dimension,61-3
sub-index,totalization of,851-2
sub-index,Zaloszyc's reading of,54-7
index,One Thousand and One Nights,132-3
index,"One-All, the",53
index,oneness,51
index,ontological difference,"838-9, 892, 924-5"
index,"opposites, unity of",105-12
index,oppositional determination,"469-71, 793, 973"
index,orgasm,776-7
index,Oriental beginning,381-2
index,"Origin, narratives of",756-7
index,"Other, the","3, 409, 477, 785-7"
sub-index,alienation of,235-6
sub-index,and Being,55
sub-index,enjoyment of,92
sub-index,gaze of,"411, 414-15, 667, 694-5, 703-5"
sub-index,lack of,679
sub-index,Levinas's account of,827-31
sub-index,love of,773-4
sub-index,as non-ex.isting entity,55
sub-index,primitivized,953
sub-index,supremacy over,828
index,Otherness,"291, 3912, 461-2, 785-6"
index,"Oudart, Jean-Pierre",621
index,overdetermination,"456-7, 488, 955-6"
index,paganism,119
index,"Pagnol, Marcel",306
index,pain,868
index,Palestine,593-4
index,parallax,270
index,Parmenides (Plato),"6, 39, 42, 50, 77, 140n, 641, 742, 852n"
sub-index,conclusion,"53, 66-7"
sub-index,Dolar's reading,53-5
sub-index,eight hypotheses,"51-2, 53-60, 207n"
sub-index,first part,"48-9, 51, 68"
sub-index,hypothesis I,"53, 55-8, 60-3, 65"
sub-index,hypothesis,"2 53, 54-5, 60-3"
sub-index,hypothesis,"3 53, 55, 63-4"
sub-index,hypothesis,"4 53, 55, 64"
sub-index,hypothesis,"5 53, 55, 64-5"
sub-index,hypothesis,"6 53, 55, 64-5"
sub-index,hypothesis,"7 53, 55, 65-6"
sub-index,hypothesis,"8 53, 55, 65-6"
sub-index,second part,49-53
sub-index,Zaloszyc's reading,55-7
index,parousia,866-7
index,partial objects,"384n, 654, 670- 1, 674, 701, 787n, 989"
index,"particles, and waves",928-9
index,"particularity, and universality","364-5, 432"
index,"Party, the",1000-1
index,"Pascal, Blaise","116-17, 118, 138, 678"
index,passivity,169-70
index,"past, the, relationship with future",561-3
unknown,"Paul, St.","74-5, 85n,"
index,"ll2n,","307, 650-1, 819-20"
sub-index,"people, the Heidegger on",879-81
sub-index,politicization of,998-1010
index,Perfume (film),654-5
index,personality,735
index,perversion,305
index,"pfaller, Robert","539-40, 953"
index,phallic authority,682-3
index,"phallic signifier, the","590-7, 769, 856"
index,pharmakon,342
index,phenomena,280-3
index,phenomenological reduction,139-40
index,Phenomenology,"76-7, 77-8"
index,philosophical progress,137-40
index,philosophico-political choice (decision),42
index,philosophy,7-10
index,"Picasso, Pablo, Woman Throwing a Stone",36
index,"Pinker, Steven","652, 653"
index,"Pippin, Robert","204, 234, 237-8, 241, 253-6, 337, 338, 387, 392, 502, 520, 524, 530, 552-4, 696n"
index,Pittsburgh Hegelians,237
index,"plagiarism, by anticipation",557-64
index,plasticity,105-6
index,Plato,"9-10, 31, 375, 445, 693, 852n"
sub-index,see also Parmenides dualism of eternal Ideas,35-7
sub-index,early dialogues,51
sub-index,esoteric teaching,49
sub-index,fall from favor,40
sub-index,forms of anti­Platonism,40-1
sub-index,philosopher-kings,423
sub-index,philosophical revolution,36
sub-index,relations between Being and the One,42
sub-index,return to,41-2
sub-index,and semblances,43
sub-index,Sophist,43
sub-index,and the sophists,"43, 69, 77"
sub-index,Statesman,39
sub-index,vacillating the semblances,48
index,Platonism,52
unknown,"• pleasure principle, the","123, 308-10"
unknown,Plotious,55
index,poetry,"31, 987"
index,point de capiton,367
index,Pol Pot,134
index,polemos,"886, 898-9"
index,"polite ignorance, logic of",90
index,politeness,"89-90, 352"
index,political engagement,"33-5, 998-1010"
index,political movements,1000-4
unknown,politics,"222-3, 488-9"
unknown,and psychoanalysis,"963-4, 966-7"
index,Pollock (film),374
index,"Popper, Karl","41, 295, 406, 462"
index,"Portier, Sylvain","152, 154-5, 162"
index,"posited presupposition, the",168-71
index,positive philosophy,"12, 260"
unknown,post-Hegelian break,491-6
unknown,post -Kantian correlationism,6
index,postmodern capitalism,1010
index,postmodern relativism,"76-7, 367"
unknown,postmodernism,"255, 603-4, 911-12"
unknown,post-secular thought,"626-8, 640-1"
unknown,post-structuralism,2
unknown,"IOn,",842
index,post -structuralist deconstructionism,210-11
index,Potentiality,"226-31, 232, 398"
index,poverty,432-6
index,power,"119-20, 475, 681, 683, 688, 990-1, 1003-5, 1006"
index,pragmatism,911-12
unknown,predestination,213-19
unknown,pre-historical societies,272
index,presence,"695-702, 841-2"
index,"Prestige, The (film)",531-2
unknown,pretending,44-6
unknown,pre-transcendental gap/rupture,6-7
index,Preuss. Peter,145-6
index,"primordial abyss, the",61
index,primordial division. the,13
index,primordial repression (Ur-Verdriingung),"306-7, 860"
index,primordial symbolization,859-65
index,primordial Void,928
index,Principle of Sufficient Reason,213.229
index,private property. status of,252
index,problems,214-15
index,"productive presence, logic of",853-6
index,profanation,987
index,progress,"137c40, 474"
index,"proletariat, the","431, 434, 437, 440, 784-5, 810"
index,prosopopoeia,513-20
index,protectors of appearances,92-3
index,protest,1006-10
index,Protestantism,"213, 216"
index,proto-reality,921-4
index,protraction,"655-R, 659-60"
index,"Proust, Marcel, The Guermantes Way",672-6
index,"pseudo-canse, the","853-7, 938"
index,Psycho (film),"372, 558, 606, 669"
index,psychoanalysis,"305, 406, 477, 499, 522, 954-5"
sub-index,and Buddhism,129-33
sub-index,and Christianity,885
sub-index,and enjoyment,968-9
sub-index,and ethics,"121, 123n, 963-5"
sub-index,Lacan and,"312, 511-12, 760-1n"
sub-index,and love,773
sub-index,and madness,332
sub-index,myths in,951-2
sub-index,and politics,966-7
sub-index,rehabilitation of,715-17
sub-index,and the Self,129-30
sub-index,and sexual difference,747
sub-index,sexuality and,774-5
sub-index,synthesis-of­the-opposites,300-2
sub-index,and universality,791-3
sub-index,and voice,674n
index,psychosis,"68, 702-5, 861-5"
index,Ptolemization,715
index,pure appearing,36
index,pure becoming,62
index,pure Being,374
index,pure difference,"481-4, 596-7, 608-21, 941-2, 947"
index,pure I,385
index,pure mUltiplicity,741
index,pure past,207-13
index,pure repetition,"491-6, 500-4"
index,pure universality,366
index,"quantum indeterminacy, and freedom",915
index,quantum physics,"6, 132, 133-4, 458, 633-4, 646n, 724-5, 734, 741, 744, 808, 905"
sub-index,and agential realism,"931-43, 935-6"
sub-index,borrowing and annihilation,919
sub-index,Copenhagen interpretation,916
sub-index,double-slit experiment,"920, 923-4, 939-40"
sub-index,and freedom,923-4
sub-index,and God,922-4
sub-index,and Hegel,950-61
sub-index,and Heidegger,924-6
sub-index,and language,918-19
sub-index,and materialism,932-3
sub-index,and ontological difference,924-5
sub-index,the ontological problem of,906-18
sub-index,and the origins of the universe,926-8
sub-index,proto-xeality,921-4
sub-index,quanhlm measurement paradox,923-4
sub-index,and the Real,918-31
sub-index,and reality,"906-18, 923-4, 926"
sub-index,and symbolic order,920
sub-index,and symbolic reality,921-31
sub-index,temporal dimension of,920-1
sub-index,the two vacuums,944-50
sub-index,wave/particle antinomy,928-9
sub-index,weirdness of,"917-18, 919-21"
index,"quasi-cause, the",855-7
index,"rabble, the","431-40, 449, 503, 1001-3"
index,racism,968
index,radical contingency,"223-4, 640"
index,"Rand, Ayn","125-6, 1004, 1005"
index,"Ravel, Maurice",604n
index,"Reagan, Ronald",45n
index,"Real, the","24n, 386, 511-12, 827, 831"
sub-index,and the Absolute,380-1
sub-index,appearance of,55
sub-index,approaching through error,956-7
sub-index,Badiou and,839-41
sub-index,and Being,958-9
sub-index,Brassier on,956-7
sub-index,and enjoyment,968-71
sub-index,escapes from,33
sub-index,future,563-4
sub-index,imaginary,479-80
sub-index,incorporeal,61-2
sub-index,Kant and,265-6
sub-index,Lacan and,"782-4, 839-41"
sub-index,lack-of­being,667-8
sub-index,presence,696-7
sub-index,and quantum physics,918-31
sub-index,and reality,244-5
sub-index,return to,32
sub-index,and semblances,47-8
sub-index,sexuality as,960-1
sub-index,symbolic,479-80
sub-index,and the symbolic,863
sub-index,symbolic construction of,959-60
index,and symbolic order,646
sub-index,reality absolute,175-6
sub-index,and Anstoss,151
sub-index,and appearance,"36-8, 144-5, 724-5"
sub-index,and art,253-6
sub-index,and cinema,371-5
sub-index,correlationism and,644-7
sub-index,and determinism,211-12
sub-index,experience of,667
sub-index,external,385
sub-index,and fantasy,995-6
sub-index,Fichte and,147
sub-index,and fiction,371-6
sub-index,incompleteness of,"733, 740-5"
sub-index,Kant and,164
sub-index,knowledge of,635-6; 4
sub-index,and madness,348-9
sub-index,material,742
sub-index,objective,"7, 9, 808.906-7.924.929.957"
sub-index,observing subjects and,932-5
sub-index,perception of,906-7
sub-index,and quantum physics,906-18. 923-4.926
sub-index,and the real,244-5
sub-index,reduction of complexity,731-2
sub-index,sexualised,739-40
sub-index,simulating,743-4
sub-index,and substance,374
sub-index,subtraction and,654-5
sub-index,symbolic construction of,959-60
sub-index,transcendental constitution of,9
sub-index,ultimate,67
sub-index,virtual,68
index,Reason,41. 395. 626.
sub-index,see also Cunning of Reason antinomies of,740
sub-index,practical,171
sub-index,the public use of,979-81
sub-index,and Understanding,188.275-7.974-90
index,rebellion,450
index,recognition,1004
index,reconciliation,14.201-5.242.256-7.262. 290-1.302-3.321-6.357.392.478. 502. 509.523.950
index,Red River (film),204
index,Red Shoes. The (film),548-9
index,reflection,378-9.536-8. 845n
index,reflexiVity,484-8. 584-90. 793-4. 845
index,"Reformation, the",438
index,reification,246
index,religion,75.79.97-8.222.346.358.998
sub-index,authenticity of,704
sub-index,Badiou and,838n
sub-index,correlationism and,626-8
sub-index,and ethics,981-4
index,and humor,114;and
sub-index,madness,327-30
sub-index,without the sacred,981-4
index,"religiOUS community, passage to",363-4
index,"Rembrandt, ""Lazarus""",84-5
index,Renard. Jean,25
index,repetition,455-6.465.483.490.491-6.493. 500-4
index,representation '174-6.,180-1.215
index,repression,305-9
index,"Resnais, Alain, Last Year in Marienbad (film)",28
index,responsibility,127.128.551
index,retroactivity,207-13.214.221.223-4.227. 231.313.562-3
index,reunification,752
index,reversal,529-36
index,revolutionary power,119
index,revolutionary terror,"69-76, 260, 291, 315-20"
index,right without right,435-6
index,"riots, and consumerist ideology",998
index,Robbe-Grillet. Alain,28
index,role playing,354-6
index,Romeo and Juliet (bailet),844-5
index,Rorty Richard,413
index,"Rosenkranz, Karl",138
index,Rothenberg. Molly,558
index,Rousseau. Jean-Jacques,79.279. 337. 565-6. 978
index,Ruda. Frank,431. 436
index,Rumsfeld. Donald,76
index,Rusnak. Josef,607
index,Russell. Bertrand,25. 160. 569. 947n
index,"Russia, de Custine's visit",70
index,Russianness,313-14
index,Rutherford. Ernest,919
index,Ryle. Gilbert,599
index,Sacred. the,981.987-8
index,sacrifice. mystery of,971-2
index,Said. Edward,447
index,Santner. Eric,639.662-3. 698n. 710. 824. 884
index,"Sartre, Jean-Paul",41
sub-index,Being and Nothingness,160.354-6
sub-index,Nausea,697.891
index,"Saussure, Ferdinand de",582
index,saying. and showing,23-30
index,Schein,9
index,"Scheler, Max, Ressentiment",737
index,Schelling. Friedrich,137.144.164.339. 588-9.922
sub-index,and art,"9, 254"
sub-index,comparison with Heidegger,886-90
sub-index,critique of Hegel,12-13.137-8.381.425
sub-index,on Good and,12
sub-index,"""Philosophical Investigations into the Essence of Human Freedom and Related Matters:'",887-90
sub-index,philosophy,11-13. 260
sub-index,System of Transcendental Idealism,254
sub-index,Weltalter manuscripts,"13, 273-5, 809"
index,schematization,266
index,"Schiller, Friedrich",15
index,"Schindler, List (film)",373-4
index,"Schlegel, Friedrich","15, 444"
index,"Schoenberg, Arnold","24, 29, 193, 302, 604"
index,"Schopenhauer, Arthur","11, 670, 851"
index,"Schulze, Walther","137, 171-2"
index,"Schumann, Robert","614-15, 619, 766"
index,science,458-9
index,scientific knowledge,"907-12, 919-21"
index,scientific naturalism,6
index,scientific reductionism,641
index,scientific revolution,715
index,"scopic field, the",702-3
index,"Searle, John",855
index,secularization,986-7
index,seeing what one cannot hear,670-1
index,Selbst-Vertrautheit (self-acquaintance),38
index,"Self, the","129-30, 620-1"
sub-index,as absolute reality,175-6
sub-index,authenticity of,134-5
sub-index,in Buddhism,719
sub-index,and cognitivism,716-37
sub-index,emergence of,"716, 731"
sub-index,false,135
sub-index,and genetic determinism,733
sub-index,and habits,346-8
sub-index,Hofstadter's account of,"717-22, 725-37, 737"
sub-index,Hume and,718-20
sub-index,immaterial nature of,905
sub-index,incompleteness of,733-5
sub-index,Kant and,"720-1, 724"
sub-index,Lacan and,723
sub-index,location in objective reality,707
sub-index,Metzinger's account of,"722-4, 729-30"
sub-index,and not-Self,169-71
sub-index,passive,169
sub-index,and prosopopoeia,515-16
sub-index,pure,353-4
sub-index,real,515-16
sub-index,self-inscription of,729
sub-index,and the self-model,735-7
sub-index,surrender to the Absolute,321-2
index,self-alienation,515-16
index,self-consciousness,"347-8, 387-8, 484-8, 508, 994"
sub-index,cognitivists and,652-3
sub-index,Pichte's account of,180-9
sub-index,and Spirit,544-5
sub-index,the State's,406-8
sub-index,the unconscious and,551-5
index,self contradiction,200
index,self-differentiation,345-6
index,self-experience,731-3
index,self-identity,"153-4, 187, 386, 717-18"
index,self-limitation,"154-_5, 157"
index,self-model,735-7
index,self-objectivization,"355, 358"
index,self-perception,352-3
index,self-recognition,145
unknown,self-referentiality,717
unknown,"self reflecting I, the",141-2
unknown,self-reflexivity,"484-8, 584-90"
unknown,sclf-relating,182
index,self-relating negativity,"304, 473-80"
index,self-will,12
index,semantic choices,207
index,semblances,43-8
index,"Sempnin, Jorge","23, 26-30"
index,sensations,177-8
index,Sense,69'7-8
index,Sense-Events,"36, 62-3, 921"
index,separation,604n
index,"servitude volontaire, breaking",35
index,"Seventh Seal, The (film)",153
index,"sexual act, the",776-7
index,sexual difference,"592, 784-5, 839, 935-6."
sub-index,"see also sexuality sexuation, formulae of and antagonism","771, 780"
sub-index,antinomies of,772-80
sub-index,Aristotle and,758-9
sub-index,and depersonalization,747
sub-index,and identity,745-6
sub-index,Kant and,740
sub-index,Lacan's theory of,"588, 612-13, 691-2, 739-45, 745-56"
sub-index,lived experience of,750-3
sub-index,principle of,769-71
sub-index,and psychoanalysis,747
sub-index,the Real of,"745-56, 778"
sub-index,and the sexual act,776-7
sub-index,and signifiers,746
sub-index,social construction of,746-7
index,sexual identity,216
index,sexual liberation,19
index,sexual relationships,"772-80, 795-7, 839"
index,sexuality,"440-9, 794, 987."
sub-index,"see also sexual difference sexuation, formulae of and bias",745
sub-index,contingent,748
sub-index,and desire,"745-6, 753"
sub-index,and domination,19
sub-index,psychoanalysis and,774-5
sub-index,as Real,960-1
sub-index,and universality,362
index,"sexuation, formulae of","112, 746-7, 753, 756-64, 875"
sub-index,first antinomy of,761-4
sub-index,the logical square of,759-61
sub-index,negation of the negation,787-8
index,the non-All,764
sub-index,-71; the non-relationship,800-2
sub-index,and the phallic signifier,769
sub-index,unified theory,794-802
sub-index,and universality,"792-3, 795"
index,"Shakespeare, William","678, 951-2"
index,"Shaw, G. B.",519
index,sheet of time concept,28
index,Short Cuts (film),609-10
index,"showing, and saying",23-30
index,"Sibelius, Jean",604-8
index,signifiers,"6, 353, 582-92, 597-9, 730, 846-50"
sub-index,empty,"810-11, 937"
sub-index,and identity,586-90
sub-index,and negation,592
sub-index,phallic,590-7
sub-index,primordial symbolization,859-65
sub-index,pure,937
sub-index,reflexivity of,862
sub-index,separation from,597
sub-index,and sexual difference,746
index,Silesius. Angelus,895
index,sin,820
index,sinthomes,698-700
index,skepticism,825n
index,slavery,"340, 737"
index,"Sloterdijk, Peter",704
index,Slovenia,534n
index,"Smith, Adam",243-4
index,"Snow, Edgar",2
index,social order,431-40
index,Socrates,"41, 513-14, 677"
index,Solaris (film),656-7
index,Solaris (Lem),656-7
index,solipsism,163
unknown,"• Solomon, Robert C.",96-7
unknown,sophists,"42, 43, 69, 77-8"
index,"Soseki, Natsume, The Three-Cornered World",616-17
index,"soul, the",735-6
index,sovereignty,"423, 710"
index,Soviet Union,"24, 72-4, 126, 218-19"
index,"space, and time",914-15
index,"species, and sub-species",363-4
index,spectral apparition,684-5.685-91
index,speculative idealism,"194, 239"
index,speculative materialism,640
index,speculative realism,640
index,speech,"2, 515-18, 568-76, 729, 870-1"
index,"Speight, Allen","564, 566"
index,"Spinoza, Benedict de","263-4, 367-70, 374, 376-7, 381, 402, 620"
index,Spirit,"12, 186-7, 203, 234-5, 237-8, 258, 276, 346, 353-4, 414"
sub-index,absolute,98-9
sub-index,Hegel's philosophy of,564-8
sub-index,historical,525
sub-index,and history,564-8
sub-index,objective,286
sub-index,and self­consciousness,544-5
sub-index,self-identity of,459-60
index,spontaneity,148-9
index,spurious infinity,178
index,"Stach, Reinhard",559-60
index,Stage Fright (film),45
index,"Stalin, Josef","24, 71-4, 124-6, 219, 300, 512, 533-4, 575, 974"
index,Stalinist dieresis,74
index,standard ofliving,431
index,Star Wars (film),296n
index,"State, the","189, 396, 475"
sub-index,Badiou and,842-4
sub-index,bureaucracy,429-30
sub-index,Heidegger on,880-2
sub-index,Notion of,360
sub-index,passage to religiOUS community,363-4
sub-index,self-consciousness,406-8
sub-index,sovereignty,710
sub-index,and war,449-53
index,state-representation,842-4
index,"Steinhardt, Paul",927
index,"Stoics, the",35-6
index,"Strauss, Leo","49, 789-90"
index,"Strauss-Kahn, Dominique",710n
index,"Stravinsky, Igor",604
index,Strong Anthropic Principle,230
index,structural anthropology,185
index,structural place,600-3
index,structuralism,"218, 219, 581, 582-4"
index,structure,"581-2, 600-3"
index,stuckness,884-7
sub-index,"stupidity I subject, the and agent",947
sub-index,autonomy,"340, 457, 553"
sub-index,Radion's,826
sub-index,de­substantialization of,660
sub-index,divided,551-5
sub-index,emergence of,"706-8, 844"
sub-index,failure of its mvn actualization,750
sub-index,Fichte and,174
sub-index,Foucauldian,994
sub-index,and habits,350-6
sub-index,Hegelian,"379-86, 947"
sub-index,Heidegger and,872
sub-index,immaterial nature of,905
sub-index,infinity of,169
sub-index,Lacanian,"196n, 750, 876"
sub-index,Levinas and R29-30; and Nothingness,378-9
sub-index,responsibility,551
sub-index,self­positing,188
sub-index,spontaneity,106
sub-index,and Substance,"258-60, 377-9, 379-81"
sub-index,and supposition,538-41
sub-index,and suture,581-2
sub-index,universality of,"367, 831-4"
index,subjective authenticity,135
index,subjective idealism,"6, 137, 144, 283"
index,subjective logic,364-5
index,subjective- affective attitudes,831-4
index,subjectivism,626
index,subjectivity,"106, 453"
sub-index,limiting,708-13
sub-index,rise of,364-5
sub-index,and substance,14
index,subjectivization,74
index,sublation,"318, 394-401, 427"
index,sublimation,427
index,Substance,106
sub-index,autonomization of,383-4
sub-index,and ciin(lmeH,368-9
sub-index,and reality,374
sub-index,and the subject,"258-60, 377-9, 379-81"
sub-index,and subjectivity,14
index,subtraction,"654-5, 659-60, 811"
unknown,"Surnie, Jelica",43-4
unknown,"superego, the","662-3, 701, 702, 830, 833, 835"
index,superego-God,83
index,"supersensible Idea, the",37
index,supposition,538-41
index,surplus-repression,308-9
index,Surrogates (film),995
index,suspended dialectics,129
index,suture,"581-2, 582-97, 597-8, 621-3, 844-6"
index,"Suzuki, D. T.","134, 135"
index,"Symbolic, the, and the imaginary",691-5
index,symbolic alienation,418-22
index,symbolic castration,"197, 307, 362, 420-1, 495-6, 595-6, 613n, 680"
index,symbolic diffcrentiality,765-8
index,symbolic fiction,685-91
index,"symbolic function, the",219
index,symbolic identity,"422, 553, 555"
index,symbolic order,"561-3, 593, 599, 646, 859-60, 920"
index,symbolic reality,92131
index,symbolic realization,511
index,symbolic truth,3
index,"symptomal point, the",818
unknown,symptoms,"523-9, 91]"
unknown,-12 synthesis-of-the-opposites,300-2
index,System,402
index,"System of Liberty, the",798
index,tact,89-90
index,"Tahrir Square, Cairo",1000
index,"Talmud, the",102-3
index,"Tarkovsky, Andrei",655-8
index,Tat-Handlung,"154, 167, 170, 174, 209-10"
index,tautology,369-70
index,technological nihilism,41
index,teleiosis,913-15
index,teleological causality,744
index,temporal retroactivity,921
index,terror,"833, 835"
sub-index,revolutionary,"69-76, 196-7, 205-6, 260, 291, 315-20"
sub-index,totalitarian,"24, 70-6, 126-7, 835"
index,"Tertllilian, De anima",776-7
index,theatre,33
index,Thelma and Louise (film),30
index,theological materialism,102
index,They Live (film),999
index,Thing-in-itself,"152, 154-5, 159, 168-9, 176, 179, 183, 267, 389, 496, 957-9"
index,thinking (knowing),75
unknown,"TIlirteenth Floor, The (film)",607
unknown,Thomas Aquinas,114
index,thought,"203, 219-26, 905, 906"
index,Tibetan Buddhism,"1l0, 134-5"
index,time,"27-8, 63, 914-15"
index,To Be or Not to Be (Lubitsch),205n
index,tolerance,25
index,torus,845
index,totalitarian terror,"24.70-6, 126-7.835"
index,totalitarianism,189.295.430
index,totality,"285, 523, 526"
index,Totality of the Present. the,260
index,"transcendence, immanent",197-8
unknown,"transcendental, the. absolute immanence of",806
unknown,transc:endental correlationism,"632-5, 643, 646, 936"
index,transcendental egoism,179-80
index,transcendental finitude,6
index,transcendental idealism,"149, 844, 845, 906"
index,transcendental materialism,"906-7, 909"
index,transcendental schematism,164
index,"transfinite, the",649-50
index,transitive belief,90-1
index,trauma,"26-7, 30, 535-6, 563"
index,traversing the fantasy,689-90
index,"Trial, The (film)",687-8
index,"Trier, Lars von",306
index,"Trotsky, Leon","72, 784"
index,true infinity,"396, 994"
index,true vacuum,949-50
unknown,truth,24
index,Truth,"43, 76, 405"
sub-index,Badiou and,"805, 809, 813-14, 815-19"
sub-index,and contingency,467
sub-index,dialogic process of,11
sub-index,eternal,829
sub-index,factual,24
sub-index,and fiction,"23-30, 45-6"
sub-index,Hegel and,"77, 197, 352, 909"
index,and illusion,380:
sub-index,and inconsistency,"813-14, 815-19"
sub-index,and knowledge,907-12
sub-index,Lacan and,"76, 77, 252, 512-13, 520-3, 526-7"
sub-index,and language,877-8
sub-index,measuring,77-8
sub-index,non-All (pas-tout) of,76-7
sub-index,of the perspectival distortion,48
sub-index,and prosopopoeia,516-17
sub-index,stucture,55
sub-index,symbolic,3
sub-index,trans-worldly,809
sub-index,as the unbearable Real Thing,47-8
sub-index,and universal affirmation,761-4
index,Truth-Events,"76, 585, 814, 815-19, 823-4, 833-9"
index,"truthful lie, the",46
index,"Tudor, Mary",83
index,"Turing, Alan",1
index,"Turok, Neil",927
index,Two Lovers (film),560-1
index,"two vacuums, the",944-50
index,"unconscious, the","274-5, 300-2, 343, 456, 484-8, 513, 551-5, 631, 715, 788, 823-4"
index,"Undead, the",788
index,undecidability,76
unknown,Understanding (Verstand),"16, 188, 269, 269-80, 283-4, 354, 395, 426-7, 470, 481, 523-5"
unknown,and reason,"275-7, 974-90"
index,unemployment,1002-4
index,"United Kingdom, riots,",2011 998
unknown,United States of America,9/11
index,terrorist attacks,"246-7, 491n:"
sub-index,Hegel on,391
sub-index,post-structuralist deconstructionism,210-11
sub-index,presidential elections,"119, 879"
index,universal affirmation,761-4
index,universal doubt,"329, 339"
index,universal Life,233-4
index,universal machines,727-8
index,"universal Principle, the",217
index,"universal Singular, the",364
index,universality,"359-60, 450."
sub-index,see also concrete universality abstract,"98, 360-9"
sub-index,computational,727-2
sub-index,Hegel and,"361, 764"
sub-index,Identity and,362
index,limitation of,728:
sub-index,logic of,757-8
sub-index,notional,455
sub-index,and particularity,"364-5, 432"
sub-index,psychoanalysis and,791-3
sub-index,and sexuation,792-6
index,of the subject,"367, 831-8"
sub-index,universe the end of,953
sub-index,ontological incompleteness of,743-5
sub-index,origins of,"926-8, 941"
index,"unsayable, the",269
index,unsocial sociability,338
index,Untouchability,763
index,"Ur-Grund, the",15
index,Ur-Vater,57
unknown,utilitarianism,977-8
